
https://www.sport.de/ninja-warrior/pe686004/till-adam/, Till Adam, Deutschland, 17.11.1988
https://www.sport.de/ninja-warrior/pe686074/michael-adelmann/, Michael Adelmann, Deutschland, 05.02.1982
https://www.sport.de/ninja-warrior/pe686040/mario-aigner/, Mario Aigner, Österreich, 20.05.1990
https://www.sport.de/ninja-warrior/pe686032/marius-al-ani/, Marius Al-Ani, Deutschland, 03.12.1990
https://www.sport.de/ninja-warrior/pe685898/ulfert-andres/, Ulfert Andres, Deutschland, 13.07.1978
https://www.sport.de/ninja-warrior/pe686077/philipp-ansorge/, Philipp Ansorge, Deutschland, 09.06.1988
https://www.sport.de/ninja-warrior/pe686080/yannic-appel-malchow/, Yannic Appel-Malchow, Deutschland, 21.12.1992
https://www.sport.de/ninja-warrior/pe686107/alix-arndt/, Alix Arndt, Deutschland, 27.05.1979
https://www.sport.de/ninja-warrior/pe685949/ulf-asmussen/, Ulf Asmussen, Deutschland, 27.10.1968
https://www.sport.de/ninja-warrior/pe686086/christian-balkheimer/, Christian Balkheimer, Deutschland, 22.11.1992
https://www.sport.de/ninja-warrior/pe686016/david-baer/, David Bär, Deutschland, 19.07.1989
https://www.sport.de/ninja-warrior/pe686060/alexandru-barbu/, Alexandru Barbu, Deutschland, 09.04.1992
https://www.sport.de/ninja-warrior/pe685932/josef-bauer/, Josef Bauer, Deutschland, 28.07.1990
https://www.sport.de/ninja-warrior/pe685856/marcus-bay/, Marcus Bay, Deutschland, 16.02.1996
https://www.sport.de/ninja-warrior/pe686062/tobias-becker/, Tobias Becker, Deutschland, 05.06.1992
https://www.sport.de/ninja-warrior/pe686101/anja-behrens-begerow/, Anja Behrens-Begerow, Deutschland, 01.07.1969
https://www.sport.de/ninja-warrior/pe686009/ralf-berger/, Ralf Berger, Österreich, 18.10.1991
https://www.sport.de/ninja-warrior/pe686053/jonas-berndt/, Jonas Berndt, Deutschland, 30.10.1992
https://www.sport.de/ninja-warrior/pe685896/david-binninger/, David Binninger, Deutschland, 18.12.1990
https://www.sport.de/ninja-warrior/pe685905/bastian-binz/, Bastian Binz, Deutschland, 06.02.1991
https://www.sport.de/ninja-warrior/pe685927/nicole-biolik/, Nicole Biolik, Deutschland, 13.07.1989
https://www.sport.de/ninja-warrior/pe685843/christoph-birkner/, Christoph Birkner, Deutschland, 24.07.1989
https://www.sport.de/ninja-warrior/pe686057/dominik-bittner/, Dominik Bittner, Deutschland, 10.10.1996
https://www.sport.de/ninja-warrior/pe685846/florian-bittner/, Florian Bittner, Deutschland, 27.03.1989
https://www.sport.de/ninja-warrior/pe686008/uwe-bolinius/, Uwe Bolinius, Deutschland, 09.03.1958
https://www.sport.de/ninja-warrior/pe686001/marcel-boost/, Marcel Boost, Deutschland, 01.03.1982
https://www.sport.de/ninja-warrior/pe685874/michael-braeuer/, Michael Bräuer, Deutschland, 08.06.1995
https://www.sport.de/ninja-warrior/pe686047/steve-brauer/, Steve Brauer, Deutschland, 10.09.1984
https://www.sport.de/ninja-warrior/pe685892/ralph-breit/, Ralph Breit, Deutschland, 24.12.1969
https://www.sport.de/ninja-warrior/pe685837/peter-bruckmueller/, Peter Bruckmüller, Deutschland, 09.02.1981
https://www.sport.de/ninja-warrior/pe685933/thomas-bruesewitz/, Thomas Brüsewitz, Deutschland, 13.05.1994
https://www.sport.de/ninja-warrior/pe685934/viktor-bruesewitz/, Viktor Brüsewitz, Deutschland, 19.01.1990
https://www.sport.de/ninja-warrior/pe686103/sylwia-buczek/, Sylwia Buczek, Polen, 30.04.1991
https://www.sport.de/ninja-warrior/pe685922/nena-buddemeier/, Nena Buddemeier, Deutschland, 05.01.1982
https://www.sport.de/ninja-warrior/pe685909/koray-cengiz/, Koray Cengiz, Deutschland, 15.03.1983
https://www.sport.de/ninja-warrior/pe685835/lorenzo-chimenti/, Lorenzo Chimenti, Deutschland, 02.09.1984
https://www.sport.de/ninja-warrior/pe686042/liam-cook/, Liam Cook, Deutschland, 03.06.1986
https://www.sport.de/ninja-warrior/pe686059/david-coppeneur/, David Coppeneur, Deutschland, 11.10.1996
https://www.sport.de/ninja-warrior/pe685923/anja-czaika/, Anja Czaika, Deutschland, 08.07.1987
https://www.sport.de/ninja-warrior/pe686034/felix-dangel/, Felix Dangel, Deutschland, 07.05.1991
https://www.sport.de/ninja-warrior/pe686014/charly-dankwa/, Charly Dankwa, Deutschland, 27.03.1985
https://www.sport.de/ninja-warrior/pe686012/simon-daeter/, Simon Däter, Deutschland, 13.05.1988
https://www.sport.de/ninja-warrior/pe685895/konstantinos-david/, Konstantinos David, Deutschland, 06.05.1963
https://www.sport.de/ninja-warrior/pe686094/vivien-de-lippe/, Vivien De Lippe, Deutschland, 14.06.1994
https://www.sport.de/ninja-warrior/pe686017/tobias-diedler/, Tobias Diedler, Deutschland, 11.05.1986
https://www.sport.de/ninja-warrior/pe685936/david-dietrich/, David Dietrich, Deutschland, 25.10.1989
https://www.sport.de/ninja-warrior/pe685914/sebastian-dietz/, Sebastian Dietz, Deutschland, 25.02.1985
https://www.sport.de/ninja-warrior/pe685879/sladjan-djulabic/, Sladjan Djulabic, Deutschland, 29.11.1988
https://www.sport.de/ninja-warrior/pe686039/jan-marco-donath/, Jan-Marco Donath, Deutschland, 05.11.1989
https://www.sport.de/ninja-warrior/pe685882/jakob-draeger/, Jakob Draeger, Deutschland, 27.08.1990
https://www.sport.de/ninja-warrior/pe686020/marcel-duft/, Marcel Duft, Deutschland, 13.10.1981
https://www.sport.de/ninja-warrior/pe686058/till-ebener/, Till Ebener, Deutschland, 12.05.1985
https://www.sport.de/ninja-warrior/pe686038/oliver-edelmann/, Oliver Edelmann, Deutschland, 29.01.1994
https://www.sport.de/ninja-warrior/pe686018/john-edouard-ehlinger/, John-Edouard Ehlinger, Frankreich, 27.02.1982
https://www.sport.de/ninja-warrior/pe685857/johann-eichholz/, Johann Eichholz, Deutschland, 02.09.1986
https://www.sport.de/ninja-warrior/pe685842/patricio-escher/, Patricio Escher, Deutschland, 15.07.1985
https://www.sport.de/ninja-warrior/pe430890/matthias-fahrig/, Matthias Fahrig, Deutschland, 15.12.1985
https://www.sport.de/ninja-warrior/pe685930/yasmin-faslija/, Yasmin Faslija, Deutschland, 01.04.1986
https://www.sport.de/ninja-warrior/pe685906/dominik-ferenc/, Dominik Ferenc, Deutschland, 09.04.1994
https://www.sport.de/ninja-warrior/pe685925/dana-ferencova/, Dana Ferencova, Deutschland, 14.03.1973
https://www.sport.de/ninja-warrior/pe686091/pamela-forster/, Pamela Forster, Österreich, 10.10.1986
https://www.sport.de/ninja-warrior/pe685920/nadine-freitag/, Nadine Freitag, Deutschland, 04.04.1992
https://www.sport.de/ninja-warrior/pe685884/johannes-frotschnig/, Johannes Frotschnig, Deutschland, 28.11.1984
https://www.sport.de/ninja-warrior/pe685840/alon-gabbay/, Alon Gabbay, Deutschland, 28.03.1987
https://www.sport.de/ninja-warrior/pe685875/patrick-garenfeld/, Patrick Garenfeld, Deutschland, 23.01.1980
https://www.sport.de/ninja-warrior/pe685942/daniel-gerber/, Daniel Gerber, Deutschland, 03.08.1996
https://www.sport.de/ninja-warrior/pe686098/ulrike-gessert/, Ulrike Gessert, Deutschland, 20.04.1983
https://www.sport.de/ninja-warrior/pe685886/the-huy-giang/, The-Huy Giang, Deutschland, 08.03.1981
https://www.sport.de/ninja-warrior/pe686027/andreas-giedt/, Andreas Giedt, Deutschland, 29.07.1986
https://www.sport.de/ninja-warrior/pe685871/ricardo-giehl/, Ricardo Giehl, Deutschland, 05.06.1985
https://www.sport.de/ninja-warrior/pe686030/sascha-goebel/, Sascha Göbel, Deutschland, 01.09.1993
https://www.sport.de/ninja-warrior/pe686025/fritz-gottschalk/, Fritz Gottschalk, Deutschland, 21.11.1963
https://www.sport.de/ninja-warrior/pe685907/benjamin-grams/, Benjamin Grams, Deutschland, 21.11.1992
https://www.sport.de/ninja-warrior/pe685853/holger-gugg/, Holger Gugg, Deutschland, 07.03.1980
https://www.sport.de/ninja-warrior/pe685913/leroy-guse/, Leroy Guse, Deutschland, 11.12.1995
https://www.sport.de/ninja-warrior/pe685910/christian-hamer/, Christian Hamer, Deutschland, 12.01.1987
https://www.sport.de/ninja-warrior/pe684374/moritz-hans/, Moritz Hans, Deutschland, 29.02.1996
https://www.sport.de/ninja-warrior/pe686033/philipp-hans/, Philipp Hans, Deutschland, 21.09.1993
https://www.sport.de/ninja-warrior/pe686015/christian-hauck/, Christian Hauck, Deutschland, 04.10.1988
https://www.sport.de/ninja-warrior/pe685908/patrick-hauff/, Patrick Hauff, Deutschland, 07.02.1987
https://www.sport.de/ninja-warrior/pe686081/julian-hausch/, Julian Hausch, Deutschland, 27.06.1996
https://www.sport.de/ninja-warrior/pe686105/tanja-heinzer/, Tanja Heinzer, Schweiz, 28.02.1993
https://www.sport.de/ninja-warrior/pe685929/bettina-heiss/, Bettina Heiss, Deutschland, 20.09.1976
https://www.sport.de/ninja-warrior/pe686044/philipp-hell/, Philipp Hell, Deutschland, 21.06.1991
https://www.sport.de/ninja-warrior/pe686046/thaddaeus-helmreich/, Thaddäus Helmreich, Deutschland, 26.01.1989
https://www.sport.de/ninja-warrior/pe685833/dennis-henschel/, Dennis Henschel, Deutschland, 05.02.1984
https://www.sport.de/ninja-warrior/pe686090/judith-hesse/, Judith Hesse, Deutschland, 02.12.1983
https://www.sport.de/ninja-warrior/pe686095/lina-himpel/, Lina Himpel, Deutschland, 09.11.1995
https://www.sport.de/handball/pe672295/gary-hines/, Gary Hines, Deutschland, 21.03.1984
https://www.sport.de/ninja-warrior/pe686036/jan-hojer/, Jan Hojer, Deutschland, 09.02.1992
https://www.sport.de/ninja-warrior/pe686070/michael-holz/, Michael Holz, Deutschland, 29.10.1984
https://www.sport.de/ninja-warrior/pe686003/daniel-hong/, Daniel Hong, Deutschland, 24.09.1984
https://www.sport.de/ninja-warrior/pe686024/axel-hower/, Axel Hower, Deutschland, 21.03.1986
https://www.sport.de/ninja-warrior/pe686050/dirk-huefler/, Dirk Hüfler, Deutschland, 13.05.1965
https://www.sport.de/ninja-warrior/pe685918/amelie-hundrieser/, Amelie Hundrieser, Deutschland, 24.05.1989
https://www.sport.de/ninja-warrior/pe685893/fadi-issa/, Fadi Issa, Deutschland, 15.10.1969
https://www.sport.de/ninja-warrior/pe685883/john-jennessen/, John Jennessen, Deutschland, 06.01.1988
https://www.sport.de/ninja-warrior/pe686035/daniel-jung/, Daniel Jung, Deutschland, 16.11.1983
https://www.sport.de/ninja-warrior/pe686088/julien-jung/, Julien Jung, Deutschland, 04.05.1988
https://www.sport.de/ninja-warrior/pe686092/lynn-jung/, Lynn Jung, England, 21.04.1989
https://www.sport.de/ninja-warrior/pe685866/sandra-jung/, Sandra Jung, Deutschland, 30.03.1982
https://www.sport.de/ninja-warrior/pe686110/anita-junkowitsch/, Anita Junkowitsch, Deutschland, 28.03.1981
https://www.sport.de/ninja-warrior/pe686073/marcel-kahlich/, Marcel Kahlich, Deutschland, 28.12.1988
https://www.sport.de/ninja-warrior/pe685838/kevin-kapelski/, Kevin Kapelski, Deutschland, 06.11.1992
https://www.sport.de/ninja-warrior/pe685868/nina-kapitain/, Nina Kapitain, Deutschland, 11.09.1997
https://www.sport.de/ninja-warrior/pe685937/christian-kirstges/, Christian Kirstges, Deutschland, 19.12.1986
https://www.sport.de/ninja-warrior/pe685931/stefan-kitzel/, Stefan Kitzel, Deutschland, 02.11.1988
https://www.sport.de/ninja-warrior/pe685912/pascal-klein/, Pascal Klein, Deutschland, 21.02.1992
https://www.sport.de/ninja-warrior/pe686000/mario-klintworth/, Mario Klintworth, Deutschland, 22.12.1979
https://www.sport.de/ninja-warrior/pe685939/simon-knitter/, Simon Knitter, Deutschland, 28.09.1993
https://www.sport.de/ninja-warrior/pe686023/kostja-konstantynovski/, Kostja Konstantynovski, Deutschland, 06.04.1985
https://www.sport.de/ninja-warrior/pe686078/andre-kreisel/, André Kreisel, Deutschland, 11.09.1983
https://www.sport.de/ninja-warrior/pe686002/jury-kruber/, Jury Kruber, Deutschland, 11.03.1984
https://www.sport.de/ninja-warrior/pe685944/nico-krueger/, Nico Krüger, Deutschland, 04.11.1994
https://www.sport.de/ninja-warrior/pe685887/dennis-kubon/, Dennis Kubon, Deutschland, 08.10.1992
https://www.sport.de/ninja-warrior/pe686084/witalij-kuehne/, Witalij Kühne, Deutschland, 30.06.1968
https://www.sport.de/ninja-warrior/pe686011/mirko-kuenstler/, Mirko Künstler, Deutschland, 04.10.1990
https://www.sport.de/ninja-warrior/pe686006/emil-kusmirek/, Emil Kusmirek, Polen, 12.06.1990
https://www.sport.de/ninja-warrior/pe686114/sandra-lamla/, Sandra Lamla, Deutschland, 06.07.1994
https://www.sport.de/ninja-warrior/pe686108/carolin-lasota/, Carolin Lasota, Deutschland, 02.12.1995
https://www.sport.de/ninja-warrior/pe685845/johannes-lau/, Johannes Lau, Deutschland, 09.09.1984
https://www.sport.de/fussball/pe43183/thorsten-legat/, Thorsten Legat, Deutschland, 07.11.1968
https://www.sport.de/ninja-warrior/pe686065/kevin-lehmann/, Kevin Lehmann, Deutschland, 08.02.1993
https://www.sport.de/ninja-warrior/pe686013/jens-lintow/, Jens Lintow, Deutschland, 08.06.1974
https://www.sport.de/ninja-warrior/pe686093/karoline-lorenc/, Karoline Lorenc, Deutschland, 14.03.1990
https://www.sport.de/ninja-warrior/pe685826/robert-maaser/, Robert Maaser, Deutschland, 19.07.1990
https://www.sport.de/ninja-warrior/pe686558/bengt-hjalte-mader/, Bengt-Hjalte Mader, Deutschland, 14.09.1989
https://www.sport.de/ninja-warrior/pe685867/mia-manojlovic/, Mia Manojlovic, Deutschland, 24.08.1997
https://www.sport.de/ninja-warrior/pe685924/maria-marinos/, Maria Marinos, Deutschland, 22.02.1979
https://www.sport.de/ninja-warrior/pe686022/marc-markowski/, Marc Markowski, Deutschland, 08.01.1982
https://www.sport.de/ninja-warrior/pe685943/patrick-masivi/, Patrick Masivi, Deutschland, 24.04.1984
https://www.sport.de/ninja-warrior/pe685869/jaqueline-maeuser/, Jaqueline Mäuser, Deutschland, 31.05.1991
https://www.sport.de/ninja-warrior/pe685935/bertrand-mbi/, Bertrand Mbi, Deutschland, 14.02.1991
https://www.sport.de/ninja-warrior/pe685834/benjamin-melzer/, Benjamin Melzer, Deutschland, 02.01.1987
https://www.sport.de/ninja-warrior/pe685849/ademir-memic/, Ademir Memic, Deutschland, 22.06.1992
https://www.sport.de/ninja-warrior/pe686028/lukas-meyer/, Lukas Meyer, Deutschland, 22.07.1995
https://www.sport.de/ninja-warrior/pe686097/teresa-meyer/, Teresa Meyer, Deutschland, 08.05.1994
https://www.sport.de/ninja-warrior/pe685911/yves-meyer/, Yves Meyer, Deutschland, 07.07.1986
https://www.sport.de/ninja-warrior/pe685947/jerome-michels/, Jerome Michels, Deutschland, 13.05.1980
https://www.sport.de/ninja-warrior/pe685946/thorsten-michels/, Thorsten Michels, Deutschland, 20.09.1978
https://www.sport.de/ninja-warrior/pe685902/hewad-miraky/, Hewad Miraky, Deutschland, 12.07.1995
https://www.sport.de/ninja-warrior/pe685903/largun-miraky/, Largun Miraky, Deutschland, 03.06.1993
https://www.sport.de/ninja-warrior/pe685941/marvin-mitterhuber/, Marvin Mitterhuber, Deutschland, 23.07.1993
https://www.sport.de/ninja-warrior/pe686051/patrick-montenegro/, Patrick Montenegro, Deutschland, 31.08.1991
https://www.sport.de/ninja-warrior/pe685900/constantin-motzigemba/, Constantin Motzigemba, Deutschland, 05.03.1990
https://www.sport.de/ninja-warrior/pe686089/jessica-mueller/, Jessica Müller, Deutschland, 08.11.1982
https://www.sport.de/ninja-warrior/pe685880/herwig-natmessnig/, Herwig Natmessnig, Österreich, 10.08.1981
https://www.sport.de/ninja-warrior/pe686072/christian-neffgen/, Christian Neffgen, Deutschland, 11.01.1993
https://www.sport.de/ninja-warrior/pe685917/michael-neller/, Michael Neller, Deutschland, 31.12.1973
https://www.sport.de/ninja-warrior/pe686026/robert-nevermann/, Robert Nevermann, Deutschland, 30.10.1978
https://www.sport.de/ninja-warrior/pe685848/michael-nickels/, Michael Nickels, Deutschland, 07.05.1987
https://www.sport.de/ninja-warrior/pe686055/kajetan-nierychlewski/, Kajetan Nierychlewski, Deutschland, 12.05.1993
https://www.sport.de/ninja-warrior/pe686056/tymek-nierychlewski/, Tymek Nierychlewski, Deutschland, 27.10.1987
https://www.sport.de/ninja-warrior/pe686029/volker-noll/, Volker Noll, Deutschland, 07.05.1983
https://www.sport.de/ninja-warrior/pe685919/sara-nosrati/, Sara Nosrati, Deutschland, 12.05.1989
https://www.sport.de/ninja-warrior/pe686100/viviane-obenauf/, Viviane Obenauf, Schweiz, 25.10.1986
https://www.sport.de/ninja-warrior/pe685851/rene-ortner/, René Ortner, Deutschland, 03.01.1989
https://www.sport.de/ninja-warrior/pe685888/mirco-osting/, Mirco Osting, Deutschland, 29.08.1990
https://www.sport.de/ninja-warrior/pe686066/hassib-can-pektas/, Hassib-Can Pektas, Deutschland, 10.06.1994
https://www.sport.de/ninja-warrior/pe685862/malin-pettersson/, Malin Pettersson, Schweden, 07.07.1987
https://www.sport.de/ninja-warrior/pe685904/luca-polaschke/, Luca Polaschke, Deutschland, 27.01.1994
https://www.sport.de/ninja-warrior/pe686068/igor-polisski/, Igor Polisski, Deutschland, 26.06.1985
https://www.sport.de/ninja-warrior/pe685928/kristina-ponomareva/, Kristina Ponomareva, Deutschland, 31.01.1998
https://www.sport.de/ninja-warrior/pe685839/rene-poprawa/, Rene Poprawa, Deutschland, 19.09.1989
https://www.sport.de/ninja-warrior/pe685872/nikolai-pourraki/, Nikolai Pourraki, Deutschland, 04.08.1992
https://www.sport.de/ninja-warrior/pe685938/julian-prokoph/, Julian Prokoph, Deutschland, 13.01.1992
https://www.sport.de/ninja-warrior/pe685852/arianit-rama/, Arianit Rama, Deutschland, 03.05.1991
https://www.sport.de/ninja-warrior/pe685916/hannes-rennau/, Hannes Rennau, Deutschland, 28.04.1980
https://www.sport.de/ninja-warrior/pe686010/pierre-renz/, Pierre Renz, Deutschland, 05.11.1987
https://www.sport.de/ninja-warrior/pe685861/viola-riechert/, Viola Riechert, Deutschland, 12.05.1989
https://www.sport.de/ninja-warrior/pe685858/desiree-rieger/, Desireé Rieger, Deutschland, 13.06.1991
https://www.sport.de/ninja-warrior/pe685921/cora-robinson-werner/, Cora Robinson-Werner, Deutschland, 19.03.1978
https://www.sport.de/ninja-warrior/pe686031/justin-rodney/, Justin Rodney, Deutschland, 30.10.1995
https://www.sport.de/ninja-warrior/pe686054/alfredo-roldan-minaya/, Alfredo Roldán Minaya, Deutschland, 04.03.1995
https://www.sport.de/ninja-warrior/pe686083/kevin-rutkowski/, Kevin Rutkowski, Deutschland, 12.05.1993
https://www.sport.de/ninja-warrior/pe686111/isabell-sabellek/, Isabell Sabellek, Deutschland, 27.12.1985
https://www.sport.de/ninja-warrior/pe685881/luke-schaepers/, Luke Schaepers, Deutschland, 28.08.1991
https://www.sport.de/ninja-warrior/pe686064/matti-schaffran/, Matti Schaffran, Deutschland, 05.09.1988
https://www.sport.de/ninja-warrior/pe685844/paul-schall/, Paul Schall, Deutschland, 19.07.1995
https://www.sport.de/ninja-warrior/pe686019/stefan-scherf/, Stefan Scherf, Deutschland, 15.03.1976
https://www.sport.de/ninja-warrior/pe685885/bertolt-schirmacher/, Bertolt Schirmacher, Deutschland, 26.09.1997
https://www.sport.de/ninja-warrior/pe686087/joern-schloenvoigt/, Jörn Schlönvoigt, Deutschland, 01.08.1986
https://www.sport.de/ninja-warrior/pe686075/daniel-schmidt/, Daniel Schmidt, Deutschland, 14.05.1991
https://www.sport.de/ninja-warrior/pe685865/nathalie-schmidt/, Nathalie Schmidt, Deutschland, 20.10.1969
https://www.sport.de/ninja-warrior/pe686063/rene-schmidt/, René Schmidt, Deutschland, 11.01.1994
https://www.sport.de/ninja-warrior/pe686106/xenia-schnebel/, Xenia Schnebel, Deutschland, 05.01.1986
https://www.sport.de/ninja-warrior/pe685926/martina-schneberger/, Martina Schneberger, Deutschland, 12.06.1989
https://www.sport.de/ninja-warrior/pe685864/elisabeth-scholl/, Elisabeth Scholl, Deutschland, 19.06.1986
https://www.sport.de/ninja-warrior/pe685859/danica-schoen/, Danica Schön, Deutschland, 21.01.1996
https://www.sport.de/ninja-warrior/pe685860/janina-schoen/, Janina Schön, Deutschland, 21.01.1996
https://www.sport.de/ninja-warrior/pe685901/daniel-schrader/, Daniel Schrader, Deutschland, 15.03.1985
https://www.sport.de/ninja-warrior/pe685855/patrik-schultheis/, Patrik Schultheis, Deutschland, 26.12.1979
https://www.sport.de/ninja-warrior/pe686048/sascha-schultz/, Sascha Schultz, Deutschland, 18.07.1984
https://www.sport.de/ninja-warrior/pe685836/dennis-schumacher/, Dennis Schumacher, Deutschland, 03.06.1982
https://www.sport.de/ninja-warrior/pe685847/boris-schwarz/, Boris Schwarz, Deutschland, 28.12.1968
https://www.sport.de/ninja-warrior/pe686061/patrick-schwegler/, Patrick Schwegler, Deutschland, 01.01.1996
https://www.sport.de/ninja-warrior/pe685876/dennis-seibel/, Dennis Seibel, Deutschland, 27.02.1997
https://www.sport.de/ninja-warrior/pe686045/christian-sistarovic/, Christian Sistarovic, Deutschland, 03.12.1970
https://www.sport.de/ninja-warrior/pe685891/jan-sokolowsky/, Jan Sokolowsky, Deutschland, 12.05.1989
https://www.sport.de/ninja-warrior/pe685948/patrick-sonderegger/, Patrick Sonderegger, Schweiz, 07.08.1983
https://www.sport.de/ninja-warrior/pe685877/max-sprenger/, Max Sprenger, Deutschland, 10.10.1994
https://www.sport.de/ninja-warrior/pe685870/philipp-stehler/, Philipp Stehler, Deutschland, 06.06.1988
https://www.sport.de/ninja-warrior/pe686112/julia-antonia-stransky/, Julia Antonia Stransky, Deutschland, 10.02.1972
https://www.sport.de/ninja-warrior/pe686113/roxana-strasser/, Roxana Strasser, Deutschland, 26.09.1990
https://www.sport.de/ninja-warrior/pe686076/norwin-stuffer/, Norwin Stuffer, Deutschland, 27.04.1988
https://www.sport.de/ninja-warrior/pe686109/evelyn-szepa/, Evelyn Szepa, Deutschland, 13.12.1984
https://www.sport.de/ninja-warrior/pe686079/thomas-tauporn/, Thomas Tauporn, Deutschland, 30.03.1991
https://www.sport.de/ninja-warrior/pe686007/ciya-taycimen/, Ciya Taycimen, Deutschland, 29.09.1993
https://www.sport.de/ninja-warrior/pe686099/petra-ter-haar/, Petra Ter Haar, Deutschland, 03.02.1971
https://www.sport.de/ninja-warrior/pe686041/daniel-tex/, Daniel Tex, Deutschland, 04.04.1991
https://www.sport.de/ninja-warrior/pe686096/laura-torre/, Laura Torre, Deutschland, 26.01.1995
https://www.sport.de/ninja-warrior/pe686067/arash-vaezi/, Arash Vaezi, Deutschland, 12.03.1976
https://www.sport.de/ninja-warrior/pe685889/lukas-vernaldi/, Lukas Vernaldi, Deutschland, 08.12.1989
https://www.sport.de/ninja-warrior/pe686104/gunda-fiona-von-bachhaus/, Gunda Fiona Von Bachhaus, Deutschland, 18.05.1981
https://www.sport.de/ninja-warrior/pe685841/minh-vu/, Minh Vu, Deutschland, 10.01.1993
https://www.sport.de/ninja-warrior/pe685945/tim-wacker/, Tim Wacker, Deutschland, 14.09.1987
https://www.sport.de/ninja-warrior/pe686021/rene-weigl/, René Weigl, Deutschland, 04.08.1988
https://www.sport.de/ninja-warrior/pe686102/melissa-wenk/, Melissa Wenk, Deutschland, 19.05.1990
https://www.sport.de/ninja-warrior/pe685850/manuel-werling/, Manuel Werling, Deutschland, 16.02.1989
https://www.sport.de/ninja-warrior/pe686043/andre-wesemann/, André Wesemann, Deutschland, 12.01.1980
https://www.sport.de/ninja-warrior/pe685863/nicole-wesner/, Nicole Wesner, Deutschland, 26.08.1977
https://www.sport.de/ninja-warrior/pe686037/felix-wiesner/, Felix Wiesner, Deutschland, 20.01.1995
https://www.sport.de/ninja-warrior/pe685894/robert-wilken/, Robert Wilken, Deutschland, 03.02.1995
https://www.sport.de/ninja-warrior/pe686049/veit-wodicka/, Veit Wodicka, Deutschland, 03.03.1976
https://www.sport.de/ninja-warrior/pe685878/andreas-woehle/, Andreas Wöhle, Deutschland, 02.09.1990
https://www.sport.de/ninja-warrior/pe686071/michael-wohlfart/, Michael Wohlfart, Deutschland, 10.07.1986
https://www.sport.de/ninja-warrior/pe685897/robin-wolfinger/, Robin Wolfinger, Deutschland, 08.04.1993
https://www.sport.de/ninja-warrior/pe685940/david-wollschlaeger/, David Wollschläger, Deutschland, 23.07.1992
https://www.sport.de/ninja-warrior/pe686085/alexander-wurm/, Alexander Wurm, Deutschland, 11.05.1996
https://www.sport.de/ninja-warrior/pe685915/george-yousef/, George Yousef, Deutschland, 02.06.1994
https://www.sport.de/ninja-warrior/pe685899/michael-yusuf/, Michael Yusuf, Deutschland, 02.05.1991
https://www.sport.de/ninja-warrior/pe686005/konstantin-maria-zierl/, Konstantin Maria Zierl, Deutschland, 15.09.1992
https://www.sport.de/ninja-warrior/pe685890/philipp-zierl/, Philipp Zierl, Deutschland, 10.08.1990
https://www.sport.de/ninja-warrior/pe685854/waldemar-zimbelmann/, Waldemar Zimbelmann, Deutschland, 12.07.1979
https://www.sport.de/ninja-warrior/pe686082/florian-zumkehr/, Florian Zumkehr, Deutschland, 08.03.1988
