
https://www.sport.de/ninja-warrior/pe686375/mike--/, Mike -, Deutschland, 26.09.1966
https://www.sport.de/ninja-warrior/pe686424/aydin-agirdas/, Aydin Agirdas, Deutschland, 02.04.1975
https://www.sport.de/ninja-warrior/pe686520/bahier-ahmad/, Bahier Ahmad, Deutschland, 15.05.1991
https://www.sport.de/ninja-warrior/pe686032/marius-al-ani/, Marius Al-Ani, Deutschland, 03.12.1990
https://www.sport.de/ninja-warrior/pe686386/kaya-albach/, Kaya Albach, Deutschland, 11.09.1998
https://www.sport.de/ninja-warrior/pe686467/oguzhan-albayrak/, Oguzhan Albayrak, Deutschland, 03.08.1977
https://www.sport.de/ninja-warrior/pe686556/veselin-angelov/, Veselin Angelov, Deutschland, 06.05.1996
https://www.sport.de/ninja-warrior/pe686497/florian-apler/, Florian Apler, Österreich, 06.10.1984
https://www.sport.de/ninja-warrior/pe686107/alix-arndt/, Alix Arndt, Deutschland, 27.05.1979
https://www.sport.de/ninja-warrior/pe686327/celina-atzori/, Celina Atzori, Deutschland, 15.02.1990
https://www.sport.de/ninja-warrior/pe686326/sandro-atzori/, Sandro Atzori, Deutschland, 27.11.1967
https://www.sport.de/ninja-warrior/pe686543/marco-augustin/, Marco Augustin, Schweiz, 22.06.1988
https://www.sport.de/ninja-warrior/pe686325/felix-aurig/, Felix Aurig, Deutschland, 12.04.1991
https://www.sport.de/ninja-warrior/pe686463/sabrina-avarello/, Sabrina Avarello, Deutschland, 09.11.1992
https://www.sport.de/ninja-warrior/pe686367/alexander-averdunk/, Alexander Averdunk, Deutschland, 13.07.1997
https://www.sport.de/ninja-warrior/pe705711/patrick-bach/, Patrick Bach, Deutschland, 30.03.1968
https://www.sport.de/ninja-warrior/pe686513/lukas-bacher/, Lukas Bacher, Deutschland, 05.06.1994
https://www.sport.de/ninja-warrior/pe705747/liz-baffoe/, Liz Baffoe, Deutschland, 06.07.1969
https://www.sport.de/ninja-warrior/pe686086/christian-balkheimer/, Christian Balkheimer, Deutschland, 22.11.1992
https://www.sport.de/ninja-warrior/pe686484/alexej-balzer/, Alexej Balzer, Deutschland, 01.10.1991
https://www.sport.de/ninja-warrior/pe686563/samara-bannikov/, Samara Bannikov, Deutschland, 31.03.1988
https://www.sport.de/ninja-warrior/pe686506/marcelk-baer/, Marcelk Bär, Deutschland, 13.07.1988
https://www.sport.de/ninja-warrior/pe686377/edgar-luis-barrenechea-arias/, Edgar Luis Barrenechea Arias, Deutschland, 10.07.1985
https://www.sport.de/ninja-warrior/pe686320/dennis-barth/, Dennis Barth, Deutschland, 26.08.1992
https://www.sport.de/ninja-warrior/pe686427/natalie-baertschi/, Natalie Bärtschi, Schweiz, 13.03.1994
https://www.sport.de/fussball/pe40661/mario-basler/, Mario Basler, Deutschland, 18.12.1968
https://www.sport.de/ninja-warrior/pe686526/daniela-baumann/, Daniela Baumann, Schweiz, 30.11.1966
https://www.sport.de/ninja-warrior/pe686248/omid-bayat/, Omid Bayat, Deutschland, 27.10.1985
https://www.sport.de/ninja-warrior/pe686370/aleksandra-beese/, Aleksandra Beese, Deutschland, 20.12.1992
https://www.sport.de/ninja-warrior/pe686353/oliver-bergerhausen/, Oliver Bergerhausen, Deutschland, 08.05.1982
https://www.sport.de/ninja-warrior/pe686182/jessica-bertermann/, Jessica Bertermann, Deutschland, 11.08.1996
https://www.sport.de/ninja-warrior/pe686492/robert-blankenburg/, Robert Blankenburg, Deutschland, 15.11.1972
https://www.sport.de/ninja-warrior/pe686435/christian-blietz/, Christian Blietz, Deutschland, 21.12.1958
https://www.sport.de/ninja-warrior/pe686385/marlene-bohny/, Marlene Bohny, Deutschland, 27.03.1991
https://www.sport.de/ninja-warrior/pe686429/rene-boerner/, René Börner, Deutschland, 07.10.1987
https://www.sport.de/ninja-warrior/pe35221/philipp-boy/, Philipp Boy, Deutschland, 23.07.1987
https://www.sport.de/ninja-warrior/pe685874/michael-braeuer/, Michael Bräuer, Deutschland, 08.06.1995
https://www.sport.de/beachvolleyball/pe32435/julius-brink/, Julius Brink, Deutschland, 06.07.1982
https://www.sport.de/fussball/pe41109/ansgar-brinkmann/, Ansgar Brinkmann, Deutschland, 05.07.1969
https://www.sport.de/ninja-warrior/pe686539/daniel-brinkschroeder/, Daniel Brinkschröder, Deutschland, 27.05.1991
https://www.sport.de/ninja-warrior/pe686516/rene-brockmueller/, René Brockmüller, Deutschland, 16.06.1985
https://www.sport.de/ninja-warrior/pe686575/maximilian-brunner/, Maximilian Brunner, Österreich, 15.06.1992
https://www.sport.de/ninja-warrior/pe686505/simon-brunner/, Simon Brunner, Deutschland, 09.06.1997
https://www.sport.de/ninja-warrior/pe685934/viktor-bruesewitz/, Viktor Brüsewitz, Deutschland, 19.01.1990
https://www.sport.de/ninja-warrior/pe686372/florian-buechner/, Florian Büchner, Deutschland, 19.10.1983
https://www.sport.de/ninja-warrior/pe686514/david-burnell/, David Burnell, USA, 18.07.1977
https://www.sport.de/ninja-warrior/pe686462/sam-buersner/, Sam Bürsner, Deutschland, 27.08.1991
https://www.sport.de/ninja-warrior/pe686482/ardian-cakay/, Ardian Cakay, Deutschland, 05.05.1987
https://www.sport.de/ninja-warrior/pe705718/isaac-caldiero/, Isaac Caldiero, USA, 02.03.1982
https://www.sport.de/ninja-warrior/pe686464/line-calgaro/, Line Calgaro, Deutschland, 07.10.1992
https://www.sport.de/ninja-warrior/pe686416/christian-cambeis/, Christian Cambeis, Deutschland, 26.02.1972
https://www.sport.de/ninja-warrior/pe686567/taner-can/, Taner Can, Deutschland, 01.03.1976
https://www.sport.de/ninja-warrior/pe686500/mario-capun/, Mario Capun, Schweiz, 20.02.1988
https://www.sport.de/ninja-warrior/pe686380/lars-carius/, Lars Carius, Deutschland, 20.02.1997
https://www.sport.de/ninja-warrior/pe686559/rene-casselly/, René Casselly, Deutschland, 06.09.1996
https://www.sport.de/ninja-warrior/pe686363/saikou-ceesay/, Saikou Ceesay, Deutschland, 03.03.1979
https://www.sport.de/ninja-warrior/pe686355/matthias-clementi/, Matthias Clementi, Deutschland, 30.09.1996
https://www.sport.de/ninja-warrior/pe686573/mandy-czieschowitz/, Mandy Czieschowitz, Deutschland, 20.04.1989
https://www.sport.de/ninja-warrior/pe686342/can-dar/, Can Dar, Deutschland, 13.03.1994
https://www.sport.de/ninja-warrior/pe686430/ryan-de-guzman/, Ryan De Guzman, Deutschland, 11.10.1981
https://www.sport.de/ninja-warrior/pe686401/matheus-gomes-de-sousa/, Matheus Gomes De Sousa, Deutschland, 11.12.1994
https://www.sport.de/ninja-warrior/pe686420/daniel-decker/, Daniel Decker, Deutschland, 28.07.1997
https://www.sport.de/ninja-warrior/pe686522/jan-decker/, Jan Decker, Deutschland, 25.09.1995
https://www.sport.de/ninja-warrior/pe686536/katharina-deltow/, Katharina Deltow, Deutschland, 06.12.1984
https://www.sport.de/ninja-warrior/pe686368/crocifisso-di-liberto/, Crocifisso Di Liberto, Deutschland, 09.05.1988
https://www.sport.de/ninja-warrior/pe686477/frank-diemert/, Frank Diemert, Deutschland, 11.04.1974
https://www.sport.de/ninja-warrior/pe685879/sladjan-djulabic/, Sladjan Djulabic, Deutschland, 29.11.1988
https://www.sport.de/ninja-warrior/pe686562/hannah-dollinger/, Hannah Dollinger, Deutschland, 04.10.1997
https://www.sport.de/ninja-warrior/pe686494/ronald-drummond/, Ronald Drummond, Deutschland, 27.10.1961
https://www.sport.de/ninja-warrior/pe686058/till-ebener/, Till Ebener, Deutschland, 12.05.1985
https://www.sport.de/ninja-warrior/pe686038/oliver-edelmann/, Oliver Edelmann, Deutschland, 29.01.1994
https://www.sport.de/ninja-warrior/pe705746/beatrice-egli/, Beatrice Egli, Schweiz, 21.06.1988
https://www.sport.de/ninja-warrior/pe686018/john-edouard-ehlinger/, John-Edouard Ehlinger, Frankreich, 27.02.1982
https://www.sport.de/ninja-warrior/pe686554/roland-eickhoff/, Roland Eickhoff, Deutschland, 12.01.1989
https://www.sport.de/ninja-warrior/pe686177/david-eilenstein/, David Eilenstein, Deutschland, 07.05.1992
https://www.sport.de/ninja-warrior/pe686535/felix-eiler/, Felix Eiler, Deutschland, 27.10.1996
https://www.sport.de/ninja-warrior/pe686233/yasin-el-azzazy/, Yasin El Azzazy, Deutschland, 20.03.1990
https://www.sport.de/ninja-warrior/pe686461/kenan-engerini/, Kenan Engerini, Deutschland, 29.11.1985
https://www.sport.de/ninja-warrior/pe686347/julia-ernhofer/, Julia Ernhofer, Österreich, 18.03.1995
https://www.sport.de/ninja-warrior/pe686515/ranim-fallaha/, Ranim Fallaha, Deutschland, 24.06.1990
https://www.sport.de/ninja-warrior/pe686448/noah-faulstich/, Noah Faulstich, Deutschland, 16.08.1997
https://www.sport.de/ninja-warrior/pe686418/maik-faupel/, Maik Faupel, Deutschland, 29.04.1979
https://www.sport.de/ninja-warrior/pe686449/samuel-faustich/, Samuel Faustich, Deutschland, 25.06.1995
https://www.sport.de/ninja-warrior/pe686540/moritz-feuchtmeir/, Moritz Feuchtmeir, Deutschland, 08.11.1992
https://www.sport.de/ninja-warrior/pe686459/andreas-floegel/, Andreas Flögel, Deutschland, 26.10.1967
https://www.sport.de/ninja-warrior/pe686460/luca-floegel/, Luca Flögel, Deutschland, 01.12.1998
https://www.sport.de/ninja-warrior/pe686507/christian-formella/, Christian Formella, Deutschland, 30.01.1994
https://www.sport.de/ninja-warrior/pe686441/santiago-franco-castillo/, Santiago Franco-Castillo, Deutschland, 22.04.1976
https://www.sport.de/ninja-warrior/pe686518/nico-freiherr-von-lerchenfeld/, Nico Freiherr von Lerchenfeld, Deutschland, 28.12.1992
https://www.sport.de/ninja-warrior/pe686378/dominik-friedl/, Dominik Friedl, Deutschland, 19.09.1985
https://www.sport.de/ninja-warrior/pe686524/yasmin-galati/, Yasmin Galati, Deutschland, 28.05.1987
https://www.sport.de/ninja-warrior/pe686394/edem-galley/, Edem Galley, Deutschland, 30.08.1986
https://www.sport.de/ninja-warrior/pe686151/klaus-gaertner/, Klaus Gärtner, Deutschland, 12.10.1957
https://www.sport.de/ninja-warrior/pe686517/lukas-gastl/, Lukas Gastl, Österreich, 02.11.1996
https://www.sport.de/ninja-warrior/pe686564/john-paul-gawallek/, John-Paul Gawallek, Deutschland, 06.07.1996
https://www.sport.de/ninja-warrior/pe686387/sven-gedike/, Sven Gedike, Deutschland, 07.01.1990
https://www.sport.de/ninja-warrior/pe685942/daniel-gerber/, Daniel Gerber, Deutschland, 03.08.1996
https://www.sport.de/ninja-warrior/pe686322/fedja-gerke/, Fedja Gerke, Deutschland, 25.07.1994
https://www.sport.de/ninja-warrior/pe686425/kassandra-geyer/, Kassandra Geyer, Deutschland, 27.09.1997
https://www.sport.de/ninja-warrior/pe686533/florian-ghanizada/, Florian Ghanizada, Deutschland, 17.03.1992
https://www.sport.de/ninja-warrior/pe686544/david-goldberg/, David Goldberg, Deutschland, 29.12.1983
https://www.sport.de/ninja-warrior/pe686521/noah-graef/, Noah Gräf, Deutschland, 30.07.1996
https://www.sport.de/ninja-warrior/pe685907/benjamin-grams/, Benjamin Grams, Deutschland, 21.11.1992
https://www.sport.de/ninja-warrior/pe686502/licinia-greber/, Licinia Greber, Deutschland, 28.05.1988
https://www.sport.de/ninja-warrior/pe686581/marcel-gross/, Marcel Groß, Deutschland, 18.08.1992
https://www.sport.de/ninja-warrior/pe686501/sophia-grosse/, Sophia Große, Deutschland, 08.03.1998
https://www.sport.de/ninja-warrior/pe686457/alex-grunwald/, Alex Grunwald, Deutschland, 24.05.1989
https://www.sport.de/ninja-warrior/pe686324/kayhan-guelmez/, Kayhan Gülmez, Deutschland, 02.01.1985
https://www.sport.de/ninja-warrior/pe705748/eva-habermann/, Eva Habermann, Deutschland, 16.01.1976
https://www.sport.de/ninja-warrior/pe686565/juergen-hackl/, Jürgen Hackl, Deutschland, 28.02.1968
https://www.sport.de/ninja-warrior/pe686419/manuel-halbisch/, Manuel Halbisch, Deutschland, 09.01.1998
https://www.sport.de/ninja-warrior/pe686496/bjoern-hallbauer/, Björn Hallbauer, Deutschland, 29.12.1978
https://www.sport.de/ninja-warrior/pe686495/sven-hallbauer/, Sven Hallbauer, Deutschland, 29.12.1978
https://www.sport.de/wintersport/pe586969/sven-hannawald/, Sven Hannawald, Deutschland, 09.11.1974
https://www.sport.de/ninja-warrior/pe684374/moritz-hans/, Moritz Hans, Deutschland, 29.02.1996
https://www.sport.de/ninja-warrior/pe686033/philipp-hans/, Philipp Hans, Deutschland, 21.09.1993
https://www.sport.de/ninja-warrior/pe686399/christian-harmat/, Christian Harmat, Schweiz, 25.12.1991
https://www.sport.de/ninja-warrior/pe686421/dominic-harrison/, Dominic Harrison, Deutschland, 01.07.1991
https://www.sport.de/ninja-warrior/pe686579/alessandro-hasler/, Alessandro Hasler, Deutschland, 04.04.1995
https://www.sport.de/fussball/pe40777/thomas-haessler/, Thomas Häßler, Deutschland, 30.05.1966
https://www.sport.de/ninja-warrior/pe686532/michael-haussmann/, Michael Haußmann, Deutschland, 26.05.1970
https://www.sport.de/ninja-warrior/pe686271/jescher-heidl/, Jescher Heidl, Deutschland, 17.02.1993
https://www.sport.de/ninja-warrior/pe686272/manasse-heidl/, Manasse Heidl, Deutschland, 17.02.1994
https://www.sport.de/ninja-warrior/pe686374/christian-heimerdinger/, Christian Heimerdinger, Deutschland, 22.01.1981
https://www.sport.de/ninja-warrior/pe686546/alexej-hein/, Alexej Hein, Deutschland, 11.04.1978
https://www.sport.de/ninja-warrior/pe686503/denny-henkel/, Denny Henkel, Deutschland, 26.02.1992
https://www.sport.de/ninja-warrior/pe686572/teresa-henn/, Teresa Henn, Deutschland, 25.10.1988
https://www.sport.de/ninja-warrior/pe686333/manuel-hennchen/, Manuel Hennchen, Deutschland, 23.11.1987
https://www.sport.de/ninja-warrior/pe686413/maria-henneken/, Maria Henneken, Deutschland, 24.09.1985
https://www.sport.de/ninja-warrior/pe686442/boris-hesselmann/, Boris Hesselmann, Deutschland, 08.09.1984
https://www.sport.de/ninja-warrior/pe686444/benjamin-hiemenz/, Benjamin Hiemenz, Deutschland, 22.07.1988
https://www.sport.de/handball/pe672295/gary-hines/, Gary Hines, Deutschland, 21.03.1984
https://www.sport.de/ninja-warrior/pe686530/tobias-hofmann/, Tobias Hofmann, Deutschland, 15.08.1987
https://www.sport.de/ninja-warrior/pe686466/afra-hoenig/, Afra Hönig, Deutschland, 02.12.1995
https://www.sport.de/ninja-warrior/pe686529/rainer-hoepfler/, Rainer Höpfler, Deutschland, 22.01.1976
https://www.sport.de/ninja-warrior/pe686417/marcel-hormes/, Marcel Hormes, Deutschland, 14.04.1987
https://www.sport.de/ninja-warrior/pe686153/selina-huber/, Selina Huber, Deutschland, 14.01.1998
https://www.sport.de/ninja-warrior/pe686571/lukas-hunecker/, Lukas Hunecker, Deutschland, 12.03.1997
https://www.sport.de/ninja-warrior/pe686393/florian-huter/, Florian Huter, Österreich, 20.09.1995
https://www.sport.de/ninja-warrior/pe686485/jens-impelmann/, Jens Impelmann, Deutschland, 15.05.1993
https://www.sport.de/fussball/pe137131/paul-janke/, Paul Janke, Deutschland, 16.09.1981
https://www.sport.de/ninja-warrior/pe686365/rafael-joschwiak/, Rafael Joschwiak, Deutschland, 28.07.1994
https://www.sport.de/ninja-warrior/pe686379/mickael-jou/, Mickael Jou, Deutschland, 29.01.1985
https://www.sport.de/ninja-warrior/pe686412/anna-juchem/, Anna Juchem, Deutschland, 26.10.1978
https://www.sport.de/ninja-warrior/pe686035/daniel-jung/, Daniel Jung, Deutschland, 16.11.1983
https://www.sport.de/ninja-warrior/pe686373/steffen-juergens/, Steffen Jürgens, Deutschland, 14.02.1968
https://www.sport.de/ninja-warrior/pe686317/sabri-kabdani/, Sabri Kabdani, Deutschland, 08.07.1983
https://www.sport.de/ninja-warrior/pe686316/soubhi-kabdani/, Soubhi Kabdani, Deutschland, 08.07.1983
https://www.sport.de/ninja-warrior/pe686561/olivia-kaluza/, Olivia Kaluza, Deutschland, 02.05.1994
https://www.sport.de/ninja-warrior/pe707969/maximilian-kaeser/, Maximilian Käser, Deutschland
https://www.sport.de/ninja-warrior/pe686537/maresa-kassel/, Maresa Kassel, Deutschland, 28.10.1969
https://www.sport.de/ninja-warrior/pe686422/rustem-kasso/, Rustem Kasso, Deutschland, 01.10.1987
https://www.sport.de/ninja-warrior/pe686428/florian-kaufmann/, Florian Kaufmann, Schweiz, 10.07.1981
https://www.sport.de/ninja-warrior/pe705715/alexander-keen/, Alexander Keen, Deutschland, 19.11.1982
https://www.sport.de/ninja-warrior/pe686185/lilli-kiesgen/, Lilli Kiesgen, Deutschland, 02.07.1996
https://www.sport.de/ninja-warrior/pe686569/dominik-kieslich/, Dominik Kieslich, Deutschland, 10.11.1990
https://www.sport.de/ninja-warrior/pe686337/chris-kiliano/, Chris Kiliano, Deutschland, 30.04.1987
https://www.sport.de/ninja-warrior/pe686255/jun-kim/, Jun Kim, Deutschland, 03.05.1988
https://www.sport.de/ninja-warrior/pe685937/christian-kirstges/, Christian Kirstges, Deutschland, 19.12.1986
https://www.sport.de/ninja-warrior/pe686550/sascha-kleeberger/, Sascha Kleeberger, Österreich, 30.12.1972
https://www.sport.de/ninja-warrior/pe686335/tobias-klein/, Tobias Klein, Deutschland, 26.02.1992
https://www.sport.de/ninja-warrior/pe686548/leander-kleinschmitz/, Leander Kleinschmitz, Deutschland, 07.04.1994
https://www.sport.de/ninja-warrior/pe686574/natalia-kley-wisniewska/, Natalia Kley-Wisniewska, Deutschland, 12.09.1988
https://www.sport.de/ninja-warrior/pe686476/bjoern-kloster/, Björn Kloster, Deutschland, 24.03.1992
https://www.sport.de/ninja-warrior/pe685939/simon-knitter/, Simon Knitter, Deutschland, 28.09.1993
https://www.sport.de/ninja-warrior/pe686458/heiko-koehler/, Heiko Köhler, Deutschland, 11.08.1958
https://www.sport.de/ninja-warrior/pe686527/ralf-koehn/, Ralf Köhn, Deutschland, 07.07.1965
https://www.sport.de/ninja-warrior/pe686216/sarah-kopp/, Sarah Kopp, Deutschland, 11.02.1981
https://www.sport.de/ninja-warrior/pe686345/anne-marie-kot/, Anne-Marie Kot, Deutschland, 03.07.1990
https://www.sport.de/ninja-warrior/pe705712/mario-kotaska/, Mario Kotaska, Deutschland, 28.11.1973
https://www.sport.de/ninja-warrior/pe686321/joh-a-kpalete/, Joh-A Kpalete, Deutschland, 18.12.1970
https://www.sport.de/ninja-warrior/pe686329/nadine-kraemer/, Nadine Krämer, Deutschland, 22.04.1991
https://www.sport.de/ninja-warrior/pe686525/marina-krause/, Marina Krause, Deutschland, 24.08.1994
https://www.sport.de/ninja-warrior/pe686323/christopher-krauss/, Christopher Krauß, Deutschland, 27.12.1991
https://www.sport.de/ninja-warrior/pe686512/manuel-krauthausen/, Manuel Krauthausen, Deutschland, 12.05.1992
https://www.sport.de/ninja-warrior/pe686395/volkan-kuecuek/, Volkan Kücük, Deutschland, 18.03.1982
https://www.sport.de/ninja-warrior/pe686371/alicia-kummer/, Alicia Kummer, Deutschland, 24.06.1988
https://www.sport.de/ninja-warrior/pe686011/mirko-kuenstler/, Mirko Künstler, Deutschland, 04.10.1990
https://www.sport.de/ninja-warrior/pe686437/jens-kunze/, Jens Kunze, Deutschland, 18.08.1965
https://www.sport.de/ninja-warrior/pe686343/felix-kuepper/, Felix Küpper, Deutschland, 29.03.1999
https://www.sport.de/ninja-warrior/pe686487/kevin-kuerbisch/, Kevin Kürbisch, Deutschland, 24.07.1993
https://www.sport.de/ninja-warrior/pe686318/nico-laschkowski/, Nico Laschkowski, Deutschland, 20.06.1995
https://www.sport.de/ninja-warrior/pe686392/hakob-latschinjan/, Hakob Latschinjan, Deutschland, 25.07.1995
https://www.sport.de/ninja-warrior/pe686265/colin-leathers/, Colin Leathers, Deutschland, 23.07.1994
https://www.sport.de/ninja-warrior/pe686381/patrick-legenstein/, Patrick Legenstein, Österreich, 06.11.1990
https://www.sport.de/ninja-warrior/pe686359/dennis-leiber/, Dennis Leiber, Deutschland, 19.12.1998
https://www.sport.de/ninja-warrior/pe686358/rainer-leiber/, Rainer Leiber, Deutschland, 13.10.1970
https://www.sport.de/ninja-warrior/pe686549/kenny-lewis/, Kenny Lewis, Deutschland, 25.08.1965
https://www.sport.de/ninja-warrior/pe686445/sebastian-lierenfeld/, Sebastian Lierenfeld, Deutschland, 26.07.1990
https://www.sport.de/ninja-warrior/pe686534/tobias-loeffler/, Tobias Löffler, Deutschland, 29.12.1988
https://www.sport.de/ninja-warrior/pe686471/marian-loesch/, Marian Lösch, Deutschland, 01.01.1990
https://www.sport.de/ninja-warrior/pe686481/nicki-lubowski/, Nicki Lubowski, Deutschland, 07.09.1976
https://www.sport.de/ninja-warrior/pe686350/thomas-ludwig/, Thomas Ludwig, Deutschland, 18.07.1987
https://www.sport.de/ninja-warrior/pe686338/mike-lux-feldmann/, Mike Lux-Feldmann, Deutschland, 25.11.1969
https://www.sport.de/ninja-warrior/pe686558/bengt-hjalte-mader/, Bengt-Hjalte Mader, Deutschland, 14.09.1989
https://www.sport.de/ninja-warrior/pe686541/eric-magut/, Eric Magut, Deutschland, 26.07.1988
https://www.sport.de/ninja-warrior/pe686439/julius-malassa/, Julius Malassa, Deutschland, 28.12.1993
https://www.sport.de/basketball/pe264688/andrej-mangold/, Andrej Mangold, Deutschland, 14.01.1987
https://www.sport.de/ninja-warrior/pe686552/johannes-mann/, Johannes Mann, Deutschland, 06.09.1990
https://www.sport.de/ninja-warrior/pe686450/samira-mark/, Samira Mark, Deutschland, 11.04.1979
https://www.sport.de/ninja-warrior/pe686465/bianca-marten/, Bianca Marten, Deutschland, 10.11.1989
https://www.sport.de/ninja-warrior/pe685943/patrick-masivi/, Patrick Masivi, Deutschland, 24.04.1984
https://www.sport.de/ninja-warrior/pe686499/frederik-miebach/, Frederik Miebach, Deutschland, 26.10.1994
https://www.sport.de/ninja-warrior/pe686397/angelo-mihaltan/, Angelo Mihaltan, Deutschland, 04.07.1994
https://www.sport.de/ninja-warrior/pe686566/juergen-milski/, Jürgen Milski, Deutschland, 24.11.1963
https://www.sport.de/ninja-warrior/pe686498/tobias-mineiro/, Tobias Mineiro, Deutschland, 07.04.1984
https://www.sport.de/ninja-warrior/pe685941/marvin-mitterhuber/, Marvin Mitterhuber, Deutschland, 23.07.1993
https://www.sport.de/ninja-warrior/pe686469/roemellow-moore/, Roemellow Moore, Deutschland, 06.09.1995
https://www.sport.de/ninja-warrior/pe686443/daniel-mores/, Daniel Mores, Deutschland, 15.01.1996
https://www.sport.de/ninja-warrior/pe686434/al-sagad-moula/, Al-Sagad Moula, Deutschland, 28.08.1989
https://www.sport.de/ninja-warrior/pe686555/marcus-mueller/, Marcus Müller, Deutschland, 23.04.1990
https://www.sport.de/ninja-warrior/pe686341/robby-nachtigall/, Robby Nachtigall, Deutschland, 17.05.1985
https://www.sport.de/ninja-warrior/pe686431/david-nash/, David Nash, Deutschland, 16.01.1986
https://www.sport.de/ninja-warrior/pe685880/herwig-natmessnig/, Herwig Natmessnig, Österreich, 10.08.1981
https://www.sport.de/ninja-warrior/pe686531/florian-nestmann/, Florian Nestmann, Deutschland, 04.12.1977
https://www.sport.de/ninja-warrior/pe686470/bjoern-neumann/, Björn Neumann, Deutschland, 23.06.1992
https://www.sport.de/ninja-warrior/pe686026/robert-nevermann/, Robert Nevermann, Deutschland, 30.10.1978
https://www.sport.de/ninja-warrior/pe686538/thanh-nguyen/, Thanh Nguyen, Deutschland, 29.04.1994
https://www.sport.de/ninja-warrior/pe686454/fatai-odusola/, Fatai Odusola, Deutschland, 22.09.1992
https://www.sport.de/ninja-warrior/pe705717/gil-ofarim/, Gil Ofarim, Deutschland, 13.08.1982
https://www.sport.de/ninja-warrior/pe686330/yvonne-olgemann/, Yvonne Olgemann, Deutschland, 19.10.1976
https://www.sport.de/ninja-warrior/pe686403/dennis-ottenbacher/, Dennis Ottenbacher, Deutschland, 29.12.1986
https://www.sport.de/ninja-warrior/pe281591/bjoern-otto/, Björn Otto, Deutschland, 16.10.1977
https://www.sport.de/ninja-warrior/pe686406/ismail-oeztuerk/, Ismail Öztürk, Österreich, 01.09.1992
https://www.sport.de/ninja-warrior/pe686456/rainer-pacholek/, Rainer Pacholek, Deutschland, 14.02.1956
https://www.sport.de/ninja-warrior/pe686504/till-pape/, Till Pape, Deutschland, 25.04.1990
https://www.sport.de/ninja-warrior/pe686493/max-petrat/, Max Petrat, Deutschland, 10.02.1995
https://www.sport.de/ninja-warrior/pe705749/panagiota-petridou/, Panagiota Petridou, Deutschland, 13.07.1979
https://www.sport.de/ninja-warrior/pe685862/malin-pettersson/, Malin Pettersson, Schweden, 07.07.1987
https://www.sport.de/ninja-warrior/pe686557/pirmin-planer/, Pirmin Planer, Deutschland, 13.06.1994
https://www.sport.de/ninja-warrior/pe705714/oliver-pocher/, Oliver Pocher, Deutschland, 18.02.1978
https://www.sport.de/ninja-warrior/pe685904/luca-polaschke/, Luca Polaschke, Deutschland, 27.01.1994
https://www.sport.de/ninja-warrior/pe686472/florian-polsterer/, Florian Polsterer, Österreich, 10.02.1989
https://www.sport.de/ninja-warrior/pe686446/viatcheslav-popov/, Viatcheslav Popov, Deutschland, 11.07.1981
https://www.sport.de/ninja-warrior/pe685839/rene-poprawa/, Rene Poprawa, Deutschland, 19.09.1989
https://www.sport.de/ninja-warrior/pe686560/kamila-porczyk/, Kamila Porczyk, Deutschland, 06.07.1977
https://www.sport.de/ninja-warrior/pe686542/sebastian-poeschl/, Sebastian Pöschl, Österreich, 02.11.1986
https://www.sport.de/ninja-warrior/pe686410/pascal-probst/, Pascal Probst, Deutschland, 07.07.1993
https://www.sport.de/ninja-warrior/pe686334/steve-pucker/, Steve Pucker, Deutschland, 27.01.1982
https://www.sport.de/ninja-warrior/pe686475/joel-pusitzky/, Joel Pusitzky, Deutschland, 01.11.1989
https://www.sport.de/ninja-warrior/pe686452/marina-putziger/, Marina Putziger, Deutschland, 20.05.1981
https://www.sport.de/ninja-warrior/pe686468/laurin-rademacher/, Laurin Rademacher, Deutschland, 08.07.1990
https://www.sport.de/ninja-warrior/pe686553/tobias-radulescu/, Tobias Radulescu, Deutschland, 14.09.1986
https://www.sport.de/ninja-warrior/pe686344/nas-rahim/, Nas Rahim, Togo, 01.01.1985
https://www.sport.de/ninja-warrior/pe686528/ingo-rasch/, Ingo Rasch, Deutschland, 02.01.1969
https://www.sport.de/ninja-warrior/pe686426/michelle-reichrath/, Michelle Reichrath, Deutschland, 28.11.1996
https://www.sport.de/ninja-warrior/pe686508/christoph-reimers/, Christoph Reimers, Deutschland, 01.11.1990
https://www.sport.de/ninja-warrior/pe686354/thomas-richter/, Thomas Richter, Deutschland, 28.03.1979
https://www.sport.de/ninja-warrior/pe686447/tim-richter/, Tim Richter, Deutschland, 10.05.1992
https://www.sport.de/ninja-warrior/pe685861/viola-riechert/, Viola Riechert, Deutschland, 12.05.1989
https://www.sport.de/ninja-warrior/pe705755/lars-riedel/, Lars Riedel, Deutschland, 28.06.1967
https://www.sport.de/ninja-warrior/pe686570/stefan-riedel/, Stefan Riedel, Deutschland, 31.01.1962
https://www.sport.de/ninja-warrior/pe686405/michael-rindisbacher/, Michael Rindisbacher, Schweiz, 07.01.1986
https://www.sport.de/ninja-warrior/pe686404/roman-rindisbacher/, Roman Rindisbacher, Schweiz, 20.02.1981
https://www.sport.de/ninja-warrior/pe686357/thomas-roeder/, Thomas Röder, Deutschland, 30.07.1991
https://www.sport.de/ninja-warrior/pe686031/justin-rodney/, Justin Rodney, Deutschland, 30.10.1995
https://www.sport.de/ninja-warrior/pe686483/fabian-ronjak/, Fabian Ronjak, Österreich, 13.09.1993
https://www.sport.de/ninja-warrior/pe686491/dennis-rossmannek/, Dennis Roßmannek, Deutschland, 15.11.1988
https://www.sport.de/ninja-warrior/pe686396/uwe-rothe/, Uwe Rothe, Deutschland, 28.01.1962
https://www.sport.de/ninja-warrior/pe686197/ivo-rupena/, Ivo Rupena, Deutschland, 20.01.1990
https://www.sport.de/ninja-warrior/pe686297/andrew-safo/, Andrew Safo, Deutschland, 27.11.1989
https://www.sport.de/ninja-warrior/pe686382/osniel-santos-valdivia/, Osniel Santos Valdivia, Deutschland, 29.10.1988
https://www.sport.de/ninja-warrior/pe686346/hanne-schaechtele/, Hanne Schächtele, Deutschland, 31.01.1996
https://www.sport.de/ninja-warrior/pe686349/marcel-schaefer/, Marcel Schäfer, Deutschland, 03.11.1993
https://www.sport.de/ninja-warrior/pe686389/stefan-schaefer/, Stefan Schäfer, Deutschland, 10.12.1989
https://www.sport.de/ninja-warrior/pe686479/severin-schaubeck/, Severin Schaubeck, Deutschland, 13.08.1990
https://www.sport.de/ninja-warrior/pe686436/oliver-scheffert/, Oliver Scheffert, Deutschland, 10.07.1981
https://www.sport.de/ninja-warrior/pe686336/dominik-schindler/, Dominik Schindler, Deutschland, 27.11.1991
https://www.sport.de/ninja-warrior/pe686087/joern-schloenvoigt/, Jörn Schlönvoigt, Deutschland, 01.08.1986
https://www.sport.de/ninja-warrior/pe686075/daniel-schmidt/, Daniel Schmidt, Deutschland, 14.05.1991
https://www.sport.de/ninja-warrior/pe686509/jannik-schrank/, Jannik Schrank, Deutschland, 15.03.1993
https://www.sport.de/ninja-warrior/pe686510/marko-schrank/, Marko Schrank, Deutschland, 12.11.1986
https://www.sport.de/ninja-warrior/pe686523/sebastian-schreiner/, Sebastian Schreiner, Deutschland, 21.07.1991
https://www.sport.de/ninja-warrior/pe686438/daniel-schroeder/, Daniel Schröder, Deutschland, 09.08.1987
https://www.sport.de/ninja-warrior/pe686283/arleen-schuessler/, Arleen Schüßler, Deutschland, 08.12.1991
https://www.sport.de/ninja-warrior/pe686568/eike-ramon-schwerdt/, Eike Ramon Schwerdt, Deutschland, 31.01.1992
https://www.sport.de/ninja-warrior/pe686147/johannes-schwitzgebel/, Johannes Schwitzgebel, Deutschland, 18.01.1997
https://www.sport.de/ninja-warrior/pe686551/armin-sedlmeier/, Armin Sedlmeier, Deutschland, 31.10.1968
https://www.sport.de/ninja-warrior/pe686348/robin-seeberger/, Robin Seeberger, Deutschland, 13.07.1994
https://www.sport.de/ninja-warrior/pe686547/steve-seidel/, Steve Seidel, Deutschland, 21.06.1989
https://www.sport.de/ninja-warrior/pe686411/kristina-simonenko/, Kristina Simonenko, Kirgisistan, 06.06.1989
https://www.sport.de/ninja-warrior/pe686369/lasse-simson/, Lasse Simson, Deutschland, 13.08.1992
https://www.sport.de/ninja-warrior/pe705713/massimo-sinato/, Massimo Sinato, Deutschland, 02.12.1980
https://www.sport.de/ninja-warrior/pe686328/jessica-singh/, Jessica Singh, Deutschland, 19.01.1998
https://www.sport.de/ninja-warrior/pe686474/ralf-sommer/, Ralf Sommer, Deutschland, 22.09.1963
https://www.sport.de/ninja-warrior/pe685948/patrick-sonderegger/, Patrick Sonderegger, Schweiz, 07.08.1983
https://www.sport.de/ninja-warrior/pe686364/niklas-sonntag/, Niklas Sonntag, Deutschland, 12.07.1995
https://www.sport.de/ninja-warrior/pe686451/aylin-specker/, Aylin Specker, Deutschland, 10.08.1995
https://www.sport.de/ninja-warrior/pe686303/stephan-spingler/, Stephan Spingler, Deutschland, 04.05.1994
https://www.sport.de/ninja-warrior/pe685877/max-sprenger/, Max Sprenger, Deutschland, 10.10.1994
https://www.sport.de/ninja-warrior/pe705716/detlef-steves/, Detlef Steves, Deutschland, 23.01.1969
https://www.sport.de/ninja-warrior/pe686488/yvonne-stolze/, Yvonne Stolze, Deutschland, 27.10.1978
https://www.sport.de/ninja-warrior/pe686478/marius-strumpen/, Marius Strumpen, Deutschland, 15.12.1994
https://www.sport.de/ninja-warrior/pe686076/norwin-stuffer/, Norwin Stuffer, Deutschland, 27.04.1988
https://www.sport.de/ninja-warrior/pe686360/khalid-taha/, Khalid Taha, Deutschland, 15.02.1992
https://www.sport.de/ninja-warrior/pe686284/ada-theilken/, Ada Theilken, Deutschland, 16.11.1997
https://www.sport.de/ninja-warrior/pe686361/torsten-thieme/, Torsten Thieme, Deutschland, 27.04.1965
https://www.sport.de/ninja-warrior/pe686407/falko-toetzke/, Falko Toetzke, Deutschland, 26.07.1971
https://www.sport.de/ninja-warrior/pe686423/octavio-trindade/, Octavio Trindade, Deutschland, 19.01.1991
https://www.sport.de/ninja-warrior/pe686415/roland-tschierschky/, Roland Tschierschky, Deutschland, 10.07.1964
https://www.sport.de/ninja-warrior/pe686390/tony-tu/, Tony Tu, Deutschland, 09.04.1992
https://www.sport.de/ninja-warrior/pe686332/marius-tuetken/, Marius Tütken, Deutschland, 08.02.1989
https://www.sport.de/ninja-warrior/pe686383/martina-ueffing/, Martina Üffing, Deutschland, 26.06.1991
https://www.sport.de/ninja-warrior/pe686067/arash-vaezi/, Arash Vaezi, Deutschland, 12.03.1976
https://www.sport.de/ninja-warrior/pe686211/philipp-van-der-grinten/, Philipp Van der Grinten, Deutschland, 06.03.1995
https://www.sport.de/ninja-warrior/pe686408/johannes-veh/, Johannes Veh, Deutschland, 12.03.1992
https://www.sport.de/ninja-warrior/pe686577/sebastian-vogel/, Sebastian Vogel, Deutschland, 02.11.1988
https://www.sport.de/ninja-warrior/pe686104/gunda-fiona-von-bachhaus/, Gunda Fiona Von Bachhaus, Deutschland, 18.05.1981
https://www.sport.de/ninja-warrior/pe686473/felix-von-mallinckrodt/, Felix Von Mallinckrodt, Deutschland, 15.04.1998
https://www.sport.de/ninja-warrior/pe686582/christoph-walchhofer/, Christoph Walchhofer, Österreich, 05.11.1985
https://www.sport.de/ninja-warrior/pe686402/daniel-waltemate/, Daniel Waltemate, Deutschland, 05.08.1984
https://www.sport.de/ninja-warrior/pe686486/michael-weber/, Michael Weber, Deutschland, 16.10.1987
https://www.sport.de/ninja-warrior/pe686409/dario-weis/, Dario Weis, Deutschland, 01.08.1996
https://www.sport.de/ninja-warrior/pe686206/uwe-weitzer/, Uwe Weitzer, Österreich, 08.01.1984
https://www.sport.de/ninja-warrior/pe686384/daniela-kareen-wenzel/, Daniela-Kareen Wenzel, Deutschland, 03.03.1979
https://www.sport.de/ninja-warrior/pe685850/manuel-werling/, Manuel Werling, Deutschland, 16.02.1989
https://www.sport.de/ninja-warrior/pe686331/annika-werner/, Annika Werner, Deutschland, 01.06.1999
https://www.sport.de/ninja-warrior/pe686339/matthias-wesemann/, Matthias Wesemann, Deutschland, 02.03.1981
https://www.sport.de/ninja-warrior/pe686351/sebastian-wicke/, Sebastian Wicke, Deutschland, 06.05.1988
https://www.sport.de/ninja-warrior/pe686489/jessica-wielens/, Jessica Wielens, Deutschland, 19.11.1986
https://www.sport.de/ninja-warrior/pe686480/richard-wiesenhuetter/, Richard Wiesenhütter, Deutschland, 12.03.1991
https://www.sport.de/ninja-warrior/pe686366/niklas-wiesenzarter/, Niklas Wiesenzarter, Deutschland, 19.03.1996
https://www.sport.de/ninja-warrior/pe686576/jens-wilke/, Jens Wilke, Deutschland, 07.11.1970
https://www.sport.de/ninja-warrior/pe686511/hans-peter-wimmer/, Hans-Peter Wimmer, Deutschland, 02.12.1969
https://www.sport.de/ninja-warrior/pe686319/dominik-winkel/, Dominik Winkel, Deutschland, 21.05.1992
https://www.sport.de/ninja-warrior/pe686356/alexander-winkler/, Alexander Winkler, Österreich, 05.02.1985
https://www.sport.de/ninja-warrior/pe686362/moritz-winkler/, Moritz Winkler, Deutschland, 13.08.1995
https://www.sport.de/ninja-warrior/pe686490/laura-winterling/, Laura Winterling, Deutschland, 14.01.1981
https://www.sport.de/ninja-warrior/pe685878/andreas-woehle/, Andreas Wöhle, Deutschland, 02.09.1990
https://www.sport.de/ninja-warrior/pe686455/luis-woldu/, Luis Woldu, Deutschland, 27.11.1998
https://www.sport.de/ninja-warrior/pe686388/johannes-wolf/, Johannes Wolf, Deutschland, 24.11.1988
https://www.sport.de/ninja-warrior/pe685940/david-wollschlaeger/, David Wollschläger, Deutschland, 23.07.1992
https://www.sport.de/ninja-warrior/pe686433/adrian-wullweber/, Adrian Wullweber, Deutschland, 22.03.1992
https://www.sport.de/ninja-warrior/pe686085/alexander-wurm/, Alexander Wurm, Deutschland, 11.05.1996
https://www.sport.de/ninja-warrior/pe686545/sebastian-wurth/, Sebastian Wurth, Deutschland, 21.07.1994
https://www.sport.de/ninja-warrior/pe686453/ali-yacoubovitch/, Ali Yacoubovitch, Deutschland, 03.08.1985
