
https://www.sport.de/ninja-warrior/pe686375/mike--/, Mike -, Deutschland, 26.09.1966
https://www.sport.de/ninja-warrior/pe686267/akan-akyildiz/, Akan Akyildiz, Deutschland, 04.07.1976
https://www.sport.de/ninja-warrior/pe705722/florian-ambrosius/, Florian Ambrosius, Deutschland, 21.11.1975
https://www.sport.de/ninja-warrior/pe686654/issam-amhand/, Issam Amhand, Deutschland, 30.09.1992
https://www.sport.de/ninja-warrior/pe686235/nicolai-anger/, Nicolai Anger, Deutschland, 01.06.1999
https://www.sport.de/ninja-warrior/pe705719/ross-antony/, Ross Antony, Deutschland, 09.07.1974
https://www.sport.de/ninja-warrior/pe686141/richard-aphery/, Richard Aphery, Deutschland, 08.04.1995
https://www.sport.de/ninja-warrior/pe686080/yannic-appel-malchow/, Yannic Appel-Malchow, Deutschland, 21.12.1992
https://www.sport.de/ninja-warrior/pe705724/maximilian-arland/, Maximilian Arland, Deutschland, 26.03.1981
https://www.sport.de/ninja-warrior/pe686198/falco-aversano/, Falco Aversano, Italien, 16.03.1995
https://www.sport.de/ninja-warrior/pe686591/ramazan-aydin/, Ramazan Aydin, Deutschland, 28.11.1972
https://www.sport.de/ninja-warrior/pe686611/jan-michel-bakker/, Jan-Michel Bakker, Deutschland, 16.05.1982
https://www.sport.de/ninja-warrior/pe686086/christian-balkheimer/, Christian Balkheimer, Deutschland, 22.11.1992
https://www.sport.de/ninja-warrior/pe686563/samara-bannikov/, Samara Bannikov, Deutschland, 31.03.1988
https://www.sport.de/ninja-warrior/pe686148/marco-bantele/, Marco Bantele, Deutschland, 27.04.1996
https://www.sport.de/ninja-warrior/pe686628/tim-barela/, Tim Barela, Deutschland, 01.08.1999
https://www.sport.de/ninja-warrior/pe686201/manuel-bashir/, Manuel Bashir, Deutschland, 31.03.1989
https://www.sport.de/ninja-warrior/pe686248/omid-bayat/, Omid Bayat, Deutschland, 27.10.1985
https://www.sport.de/ninja-warrior/pe686672/thorsten-belde/, Thorsten Belde, Deutschland, 25.05.1977
https://www.sport.de/ninja-warrior/pe686217/rita-benker/, Rita Benker, Deutschland, 28.09.1988
https://www.sport.de/ninja-warrior/pe686182/jessica-bertermann/, Jessica Bertermann, Deutschland, 11.08.1996
https://www.sport.de/ninja-warrior/pe686253/maximilian-birkner/, Maximilian Birkner, Deutschland, 24.09.1990
https://www.sport.de/ninja-warrior/pe686602/katharina-blank/, Katharina Blank, Deutschland, 24.01.1993
https://www.sport.de/ninja-warrior/pe686641/tobias-blothe/, Tobias Blothe, Deutschland, 11.02.1989
https://www.sport.de/ninja-warrior/pe686202/dominik-bluhme/, Dominik Bluhme, Deutschland, 30.04.1997
https://www.sport.de/ninja-warrior/pe686677/nastassja-boecher/, Nastassja Böcher, Deutschland, 16.02.2000
https://www.sport.de/ninja-warrior/pe686184/maria-boger-mickert/, Maria Boger-Mickert, Deutschland, 03.07.1969
https://www.sport.de/ninja-warrior/pe686636/christina-boening/, Christina Böning, Deutschland, 20.08.1993
https://www.sport.de/ninja-warrior/pe686429/rene-boerner/, René Börner, Deutschland, 07.10.1987
https://www.sport.de/ninja-warrior/pe35221/philipp-boy/, Philipp Boy, Deutschland, 23.07.1987
https://www.sport.de/ninja-warrior/pe685874/michael-braeuer/, Michael Bräuer, Deutschland, 08.06.1995
https://www.sport.de/ninja-warrior/pe686612/oliver-brecht/, Oliver Brecht, Deutschland, 15.02.1994
https://www.sport.de/beachvolleyball/pe32435/julius-brink/, Julius Brink, Deutschland, 06.07.1982
https://www.sport.de/ninja-warrior/pe691986/leo-brucklacher/, Leo Brucklacher, Deutschland, 18.01.1998
https://www.sport.de/ninja-warrior/pe686505/simon-brunner/, Simon Brunner, Deutschland, 09.06.1997
https://www.sport.de/ninja-warrior/pe685934/viktor-bruesewitz/, Viktor Brüsewitz, Deutschland, 19.01.1990
https://www.sport.de/wintersport/pe387304/lisa-marie-buckwitz/, Lisa Marie Buckwitz, Deutschland, 02.12.1994
https://www.sport.de/ninja-warrior/pe686631/yookie-budia/, Yookie Budia, Deutschland, 28.12.1988
https://www.sport.de/ninja-warrior/pe686262/lars-bugdahn/, Lars Bugdahn, Deutschland, 17.03.1988
https://www.sport.de/ninja-warrior/pe686200/wolfgang-burgmaier/, Wolfgang Burgmaier, Deutschland, 30.05.1985
https://www.sport.de/ninja-warrior/pe691985/jeffrey-kouassi-byll/, Jeffrey-Kouassi Byll, Deutschland, 13.05.1990
https://www.sport.de/ninja-warrior/pe686281/ema-cada/, Ema Cada, Österreich, 03.04.1999
https://www.sport.de/ninja-warrior/pe686559/rene-casselly/, René Casselly, Deutschland, 06.09.1996
https://www.sport.de/ninja-warrior/pe686171/deniz-celik/, Deniz Celik, Türkei, 29.04.1989
https://www.sport.de/ninja-warrior/pe686585/sebastian-corsten/, Sebastian Corsten, Deutschland, 12.12.1985
https://www.sport.de/ninja-warrior/pe686643/kevin-dahms/, Kevin Dahms, Deutschland, 07.12.1998
https://www.sport.de/ninja-warrior/pe686420/daniel-decker/, Daniel Decker, Deutschland, 28.07.1997
https://www.sport.de/ninja-warrior/pe686671/dennis-decker/, Dennis Decker, Deutschland, 03.12.1995
https://www.sport.de/ninja-warrior/pe686606/etienne-diatta/, Etienne Diatta, Senegal, 23.04.1990
https://www.sport.de/ninja-warrior/pe686655/christian-diemann/, Christian Diemann, Deutschland, 11.03.1985
https://www.sport.de/ninja-warrior/pe686244/mary-ann-dillier/, Mary-Ann Dillier, Schweiz, 16.08.1971
https://www.sport.de/ninja-warrior/pe686208/hans-dirscherl/, Hans Dirscherl, Deutschland, 22.07.1998
https://www.sport.de/wintersport/pe305063/uschi-disl/, Uschi Disl, Deutschland, 15.11.1970
https://www.sport.de/ninja-warrior/pe685879/sladjan-djulabic/, Sladjan Djulabic, Deutschland, 29.11.1988
https://www.sport.de/ninja-warrior/pe686268/kien-do/, Kien Do, Deutschland, 05.07.1991
https://www.sport.de/ninja-warrior/pe686590/robert-donderer/, Robert Donderer, Deutschland, 20.02.1990
https://www.sport.de/ninja-warrior/pe686583/sascha-doerr/, Sascha Dörr, Deutschland, 22.06.1986
https://www.sport.de/ninja-warrior/pe685882/jakob-draeger/, Jakob Draeger, Deutschland, 27.08.1990
https://www.sport.de/ninja-warrior/pe686494/ronald-drummond/, Ronald Drummond, Deutschland, 27.10.1961
https://www.sport.de/ninja-warrior/pe686058/till-ebener/, Till Ebener, Deutschland, 12.05.1985
https://www.sport.de/ninja-warrior/pe686238/tabitha-eckfeld/, Tabitha Eckfeld, Deutschland, 16.12.1994
https://www.sport.de/ninja-warrior/pe686038/oliver-edelmann/, Oliver Edelmann, Deutschland, 29.01.1994
https://www.sport.de/ninja-warrior/pe686018/john-edouard-ehlinger/, John-Edouard Ehlinger, Frankreich, 27.02.1982
https://www.sport.de/ninja-warrior/pe686177/david-eilenstein/, David Eilenstein, Deutschland, 07.05.1992
https://www.sport.de/ninja-warrior/pe686592/luca-eisenhauer/, Luca Eisenhauer, Deutschland, 26.03.1995
https://www.sport.de/ninja-warrior/pe686234/karim-el-azzazy/, Karim El Azzazy, Deutschland, 10.04.1991
https://www.sport.de/ninja-warrior/pe686233/yasin-el-azzazy/, Yasin El Azzazy, Deutschland, 20.03.1990
https://www.sport.de/ninja-warrior/pe686264/mohamed-el-zein/, Mohamed El-Zein, Deutschland, 09.02.1985
https://www.sport.de/ninja-warrior/pe686226/benedict-eninger/, Benedict Eninger, Deutschland, 03.02.1990
https://www.sport.de/ninja-warrior/pe686225/vincenz-eninger/, Vincenz Eninger, Deutschland, 03.02.1990
https://www.sport.de/ninja-warrior/pe686619/giovanni-ertl/, Giovanni Ertl, Deutschland, 21.08.1996
https://www.sport.de/ninja-warrior/pe686624/eren-eski/, Eren Eski, Deutschland, 28.02.1997
https://www.sport.de/ninja-warrior/pe686252/aljoscha-faske/, Aljoscha Faske, Deutschland, 02.06.1993
https://www.sport.de/ninja-warrior/pe686449/samuel-faustich/, Samuel Faustich, Deutschland, 25.06.1995
https://www.sport.de/ninja-warrior/pe686149/daniel-fink/, Daniel Fink, Deutschland, 07.10.1995
https://www.sport.de/ninja-warrior/pe686199/david-fitzke/, David Fitzke, Deutschland, 21.01.1984
https://www.sport.de/ninja-warrior/pe686633/safia-flowers/, Safia Flowers, Deutschland, 18.04.1983
https://www.sport.de/ninja-warrior/pe705721/sebastian-fobe/, Sebastian Fobe, Deutschland, 20.06.1985
https://www.sport.de/ninja-warrior/pe686609/yol-focosi/, Yol Focosi, Deutschland, 01.10.1999
https://www.sport.de/ninja-warrior/pe705742/jennifer-frankhauser/, Jennifer Frankhauser, Deutschland, 25.08.1992
https://www.sport.de/ninja-warrior/pe686638/fabian-froehlich/, Fabian Fröhlich, Deutschland, 22.04.1992
https://www.sport.de/ninja-warrior/pe686166/sergej-fuehrus/, Sergej Führus, Deutschland, 20.03.1988
https://www.sport.de/ninja-warrior/pe686169/nikita-gaan/, Nikita Gaan, Deutschland, 25.08.1990
https://www.sport.de/ninja-warrior/pe686151/klaus-gaertner/, Klaus Gärtner, Deutschland, 12.10.1957
https://www.sport.de/ninja-warrior/pe686296/remo-genise/, Remo Genise, Italien, 18.03.1993
https://www.sport.de/ninja-warrior/pe686603/fabian-geyer/, Fabian Geyer, Deutschland, 07.04.1998
https://www.sport.de/ninja-warrior/pe685886/the-huy-giang/, The-Huy Giang, Deutschland, 08.03.1981
https://www.sport.de/ninja-warrior/pe686030/sascha-goebel/, Sascha Göbel, Deutschland, 01.09.1993
https://www.sport.de/ninja-warrior/pe686203/william-gomes-paschen/, William Gomes-Paschen, Deutschland, 21.08.1978
https://www.sport.de/ninja-warrior/pe686176/peter-goepel/, Peter Göpel, Deutschland, 22.04.1990
https://www.sport.de/ninja-warrior/pe686286/maximilian-graf/, Maximilian Graf, Deutschland, 10.07.1993
https://www.sport.de/ninja-warrior/pe685907/benjamin-grams/, Benjamin Grams, Deutschland, 21.11.1992
https://www.sport.de/ninja-warrior/pe686634/wera-rosa-grommes/, Wera-Rosa Grommes, Deutschland, 29.12.1980
https://www.sport.de/ninja-warrior/pe686457/alex-grunwald/, Alex Grunwald, Deutschland, 24.05.1989
https://www.sport.de/ninja-warrior/pe686266/jan-gudde/, Jan Gudde, Schweiz, 26.12.1995
https://www.sport.de/ninja-warrior/pe685853/holger-gugg/, Holger Gugg, Deutschland, 07.03.1980
https://www.sport.de/ninja-warrior/pe686139/tony-guntermann/, Tony Guntermann, Deutschland, 22.08.1984
https://www.sport.de/ninja-warrior/pe686207/jan-haberling/, Jan Haberling, Deutschland, 08.07.1999
https://www.sport.de/ninja-warrior/pe686143/thilo-haecker/, Thilo Häcker, Deutschland, 19.04.1984
https://www.sport.de/ninja-warrior/pe686565/juergen-hackl/, Jürgen Hackl, Deutschland, 28.02.1968
https://www.sport.de/ninja-warrior/pe686615/attila-hamberger/, Attila Hamberger, Deutschland, 15.12.1991
https://www.sport.de/ninja-warrior/pe35222/fabian-hambuechen/, Fabian Hambüchen, Deutschland, 25.10.1987
https://www.sport.de/ninja-warrior/pe686595/jastine-marie-hammer/, Jastine-Marie Hammer, Deutschland, 19.07.1995
https://www.sport.de/ninja-warrior/pe705738/melissa-hannawald/, Melissa Hannawald, Deutschland, 11.08.1989
https://www.sport.de/wintersport/pe586969/sven-hannawald/, Sven Hannawald, Deutschland, 09.11.1974
https://www.sport.de/ninja-warrior/pe686608/luca-haenni/, Luca Hänni, Schweiz, 08.10.1994
https://www.sport.de/ninja-warrior/pe684374/moritz-hans/, Moritz Hans, Deutschland, 29.02.1996
https://www.sport.de/ninja-warrior/pe686399/christian-harmat/, Christian Harmat, Schweiz, 25.12.1991
https://www.sport.de/ninja-warrior/pe686271/jescher-heidl/, Jescher Heidl, Deutschland, 17.02.1993
https://www.sport.de/ninja-warrior/pe686272/manasse-heidl/, Manasse Heidl, Deutschland, 17.02.1994
https://www.sport.de/ninja-warrior/pe686669/markus-heim/, Markus Heim, Deutschland, 13.02.1997
https://www.sport.de/ninja-warrior/pe705740/heike-henkel/, Heike Henkel, Deutschland, 05.05.1964
https://www.sport.de/ninja-warrior/pe686413/maria-henneken/, Maria Henneken, Deutschland, 24.09.1985
https://www.sport.de/handball/pe672295/gary-hines/, Gary Hines, Deutschland, 21.03.1984
https://www.sport.de/ninja-warrior/pe37283/carolin-tamara-hingst/, Carolin Tamara Hingst, Deutschland, 18.09.1980
https://www.sport.de/ninja-warrior/pe686618/justin-hirsemann/, Justin Hirsemann, Deutschland, 13.08.1989
https://www.sport.de/ninja-warrior/pe686287/angelo-hoefele/, Angelo Höfele, Deutschland, 09.06.1966
https://www.sport.de/ninja-warrior/pe686205/daniel-hofer/, Daniel Hofer, Österreich, 14.03.1992
https://www.sport.de/ninja-warrior/pe686145/hannes-hofer/, Hannes Hofer, Italien, 06.01.1993
https://www.sport.de/ninja-warrior/pe686247/jean-tayfun-hoffmann/, Jean-Tayfun Hoffmann, Deutschland, 29.05.1995
https://www.sport.de/ninja-warrior/pe686152/juliane-hofmann/, Juliane Hofmann, Deutschland, 29.10.1988
https://www.sport.de/ninja-warrior/pe705741/miriam-hoeller/, Miriam Höller, Deutschland, 27.06.1987
https://www.sport.de/ninja-warrior/pe686142/roland-holm/, Roland Holm, Deutschland, 17.08.1987
https://www.sport.de/ninja-warrior/pe686610/daniel-holzwarth/, Daniel Holzwarth, Deutschland, 16.04.1999
https://www.sport.de/ninja-warrior/pe686632/felix-hornbostel/, Felix Hornbostel, Deutschland, 04.01.1989
https://www.sport.de/ninja-warrior/pe686168/maximilian-huber/, Maximilian Huber, Italien, 04.04.1993
https://www.sport.de/ninja-warrior/pe686153/selina-huber/, Selina Huber, Deutschland, 14.01.1998
https://www.sport.de/ninja-warrior/pe686667/rene-inglese/, René Inglese, Deutschland, 22.04.1987
https://www.sport.de/ninja-warrior/pe686178/dominik-innerbichler/, Dominik Innerbichler, Italien, 10.08.1992
https://www.sport.de/ninja-warrior/pe686586/ali-ismael/, Ali Ismael, Deutschland, 05.12.1989
https://www.sport.de/ninja-warrior/pe686605/thomas-jack/, Thomas Jack, Deutschland, 09.04.1999
https://www.sport.de/ninja-warrior/pe686189/michael-janke/, Michael Janke, Deutschland, 05.08.1989
https://www.sport.de/fussball/pe137131/paul-janke/, Paul Janke, Deutschland, 16.09.1981
https://www.sport.de/ninja-warrior/pe686584/david-joachimstaler/, David Joachimstaler, Deutschland, 16.03.1988
https://www.sport.de/ninja-warrior/pe686250/robin-jolitz/, Robin Jolitz, Deutschland, 18.09.1998
https://www.sport.de/ninja-warrior/pe686412/anna-juchem/, Anna Juchem, Deutschland, 26.10.1978
https://www.sport.de/ninja-warrior/pe686616/bastian-junker/, Bastian Junker, Deutschland, 19.06.1998
https://www.sport.de/ninja-warrior/pe686597/laura-juentschke/, Laura Jüntschke, Deutschland, 21.02.1997
https://www.sport.de/ninja-warrior/pe686651/milano-kaiser/, Milano Kaiser, Deutschland, 27.03.1991
https://www.sport.de/ninja-warrior/pe686223/christian-kalb/, Christian Kalb, Deutschland, 28.10.1992
https://www.sport.de/ninja-warrior/pe686276/katharina-kammeyer/, Katharina Kammeyer, Deutschland, 14.08.1983
https://www.sport.de/ninja-warrior/pe685838/kevin-kapelski/, Kevin Kapelski, Deutschland, 06.11.1992
https://www.sport.de/ninja-warrior/pe686623/benjamin-karagoez/, Benjamin Karagöz, Deutschland, 17.11.1991
https://www.sport.de/ninja-warrior/pe686167/lukas-kaufmann/, Lukas Kaufmann, Deutschland, 08.06.1991
https://www.sport.de/ninja-warrior/pe686259/maximilian-kessler/, Maximilian Kessler, Deutschland, 06.04.1989
https://www.sport.de/ninja-warrior/pe686185/lilli-kiesgen/, Lilli Kiesgen, Deutschland, 02.07.1996
https://www.sport.de/ninja-warrior/pe686589/johannes-kilian/, Johannes Kilian, Deutschland, 16.08.1990
https://www.sport.de/ninja-warrior/pe686255/jun-kim/, Jun Kim, Deutschland, 03.05.1988
https://www.sport.de/ninja-warrior/pe685937/christian-kirstges/, Christian Kirstges, Deutschland, 19.12.1986
https://www.sport.de/ninja-warrior/pe705720/alexander-klaws/, Alexander Klaws, Deutschland, 03.09.1983
https://www.sport.de/ninja-warrior/pe686300/thomas-knab/, Thomas Knab, Deutschland, 05.06.1996
https://www.sport.de/ninja-warrior/pe686224/sebastian-koch/, Sebastian Koch, Deutschland, 14.01.1994
https://www.sport.de/ninja-warrior/pe686666/christian-kofler/, Christian Kofler, Deutschland, 19.06.1994
https://www.sport.de/ninja-warrior/pe686243/sabrina-kolb/, Sabrina Kolb, Deutschland, 14.05.1979
https://www.sport.de/ninja-warrior/pe686646/chris-konushevci/, Chris Konushevci, Deutschland, 12.09.1996
https://www.sport.de/ninja-warrior/pe686216/sarah-kopp/, Sarah Kopp, Deutschland, 11.02.1981
https://www.sport.de/ninja-warrior/pe686644/pascal-koronowski/, Pascal Koronowski, Deutschland, 24.01.1988
https://www.sport.de/ninja-warrior/pe686220/kevin-koester/, Kevin Köster, Deutschland, 15.11.1992
https://www.sport.de/ninja-warrior/pe686321/joh-a-kpalete/, Joh-A Kpalete, Deutschland, 18.12.1970
https://www.sport.de/ninja-warrior/pe686209/tim-kramer/, Tim Kramer, Deutschland, 09.02.2000
https://www.sport.de/ninja-warrior/pe686219/xheme-krasniqi/, Xhemë Krasniqi, Albanien, 04.08.1991
https://www.sport.de/ninja-warrior/pe686078/andre-kreisel/, André Kreisel, Deutschland, 11.09.1983
https://www.sport.de/ninja-warrior/pe686662/christine-kring/, Christine Kring, Deutschland, 28.01.1989
https://www.sport.de/ninja-warrior/pe686626/patrick-kroen/, Patrick Krön, Deutschland, 14.01.1987
https://www.sport.de/ninja-warrior/pe686138/alexander-kukla/, Alexander Kukla, Deutschland, 24.07.1993
https://www.sport.de/ninja-warrior/pe686642/benjamin-kummer/, Benjamin Kummer, Schweiz, 08.03.1978
https://www.sport.de/ninja-warrior/pe686174/stefan-kuntnawitz/, Stefan Kuntnawitz, Deutschland, 26.04.1984
https://www.sport.de/ninja-warrior/pe686173/benjamin-lauckner/, Benjamin Lauckner, Deutschland, 03.04.1987
https://www.sport.de/ninja-warrior/pe686298/leon-layer/, Leon Layer, Deutschland, 23.04.1999
https://www.sport.de/ninja-warrior/pe686265/colin-leathers/, Colin Leathers, Deutschland, 23.07.1994
https://www.sport.de/fussball/pe43183/thorsten-legat/, Thorsten Legat, Deutschland, 07.11.1968
https://www.sport.de/ninja-warrior/pe686359/dennis-leiber/, Dennis Leiber, Deutschland, 19.12.1998
https://www.sport.de/ninja-warrior/pe686358/rainer-leiber/, Rainer Leiber, Deutschland, 13.10.1970
https://www.sport.de/ninja-warrior/pe686146/mahdi-limper/, Mahdi Limper, Deutschland, 01.01.1999
https://www.sport.de/ninja-warrior/pe686647/julian-locher/, Julian Locher, Deutschland, 04.11.1994
https://www.sport.de/ninja-warrior/pe705744/heiko-lochmann/, Heiko Lochmann, Deutschland, 13.05.1999
https://www.sport.de/ninja-warrior/pe705723/roman-lochmann/, Roman Lochmann, Deutschland, 13.05.1999
https://www.sport.de/ninja-warrior/pe705739/sarah-lombardi/, Sarah Lombardi, Deutschland, 15.10.1992
https://www.sport.de/ninja-warrior/pe686215/marion-luck/, Marion Luck, Deutschland, 17.03.1991
https://www.sport.de/ninja-warrior/pe686270/peer-lueck/, Peer Lück, Deutschland, 12.07.1998
https://www.sport.de/ninja-warrior/pe686278/evelyn-ludwig/, Evelyn Ludwig, Deutschland, 21.04.1991
https://www.sport.de/ninja-warrior/pe686175/martin-maciejewski/, Martin Maciejewski, Deutschland, 15.10.1990
https://www.sport.de/ninja-warrior/pe686439/julius-malassa/, Julius Malassa, Deutschland, 28.12.1993
https://www.sport.de/ninja-warrior/pe685867/mia-manojlovic/, Mia Manojlovic, Deutschland, 24.08.1997
https://www.sport.de/ninja-warrior/pe686213/kim-marschner/, Kim Marschner, Deutschland, 28.01.1998
https://www.sport.de/ninja-warrior/pe686294/jermaine-martin/, Jermaine Martin, Deutschland, 29.08.1978
https://www.sport.de/ninja-warrior/pe686179/joel-mattli/, Joel Mattli, Schweiz, 24.04.1994
https://www.sport.de/ninja-warrior/pe705725/grant-mccartney/, Grant McCartney, USA, 13.05.1988
https://www.sport.de/ninja-warrior/pe686181/yoni-meergarten/, Yoni Meergarten, Deutschland, 03.04.1984
https://www.sport.de/ninja-warrior/pe686180/eduard-mehlmann/, Eduard Mehlmann, Deutschland, 14.12.1996
https://www.sport.de/ninja-warrior/pe686673/anatoli-melnikov/, Anatoli Melnikov, Deutschland, 10.01.1994
https://www.sport.de/ninja-warrior/pe686069/marcel-meyer/, Marcel Meyer, Deutschland, 27.07.1987
https://www.sport.de/ninja-warrior/pe686186/paula-mickert/, Paula Mickert, Deutschland, 12.09.1995
https://www.sport.de/ninja-warrior/pe685941/marvin-mitterhuber/, Marvin Mitterhuber, Deutschland, 23.07.1993
https://www.sport.de/ninja-warrior/pe686249/finn-mottel/, Finn Mottel, Deutschland, 19.06.1997
https://www.sport.de/ninja-warrior/pe686263/ali-moussa/, Ali Moussa, Deutschland, 30.07.1982
https://www.sport.de/ninja-warrior/pe686635/bea-mueller/, Bea Müller, Deutschland, 06.01.1991
https://www.sport.de/ninja-warrior/pe686192/clemens-mueller/, Clemens Müller, Deutschland, 27.06.1967
https://www.sport.de/ninja-warrior/pe686246/kai-mueller/, Kai Müller, Deutschland, 10.05.1978
https://www.sport.de/ninja-warrior/pe686239/judith-muenter/, Judith Münter, Deutschland, 01.07.1990
https://www.sport.de/ninja-warrior/pe686204/andre-naumann/, André Naumann, Deutschland, 29.07.1997
https://www.sport.de/ninja-warrior/pe686183/alicia-neumann/, Alicia Neumann, Deutschland, 17.10.1999
https://www.sport.de/ninja-warrior/pe686674/vanessa-neumann/, Vanessa Neumann, Deutschland, 04.01.1990
https://www.sport.de/ninja-warrior/pe686658/julius-nilsson/, Julius Nilsson, Deutschland, 14.11.1994
https://www.sport.de/ninja-warrior/pe686670/markus-obendorfer/, Markus Obendorfer, Österreich, 14.07.1977
https://www.sport.de/ninja-warrior/pe686620/manuel-osswald/, Manuel Osswald, Deutschland, 16.04.1983
https://www.sport.de/ninja-warrior/pe281591/bjoern-otto/, Björn Otto, Deutschland, 16.10.1977
https://www.sport.de/ninja-warrior/pe686398/jozef-pachinger/, Jozef Pachinger, Deutschland, 09.07.1991
https://www.sport.de/ninja-warrior/pe686588/gabriel-pediconi/, Gabriel Pediconi, Deutschland, 05.02.1976
https://www.sport.de/ninja-warrior/pe686066/hassib-can-pektas/, Hassib-Can Pektas, Deutschland, 10.06.1994
https://www.sport.de/ninja-warrior/pe686613/andreas-pichl/, Andreas Pichl, Deutschland, 01.06.1986
https://www.sport.de/ninja-warrior/pe686604/michael-pieper/, Michael Pieper, Deutschland, 20.11.1960
https://www.sport.de/ninja-warrior/pe686665/francis-poku/, Francis Poku, Deutschland, 31.07.1987
https://www.sport.de/ninja-warrior/pe686251/guenter-portale/, Günter Portale, Deutschland, 18.06.1950
https://www.sport.de/ninja-warrior/pe686280/marie-pruessing/, Marie Prüßing, Deutschland, 09.11.1993
https://www.sport.de/ninja-warrior/pe686661/simone-pyrdok/, Simone Pyrdok, Deutschland, 20.11.1987
https://www.sport.de/ninja-warrior/pe686157/clara-quintero/, Clara Quintero, Deutschland, 15.04.1995
https://www.sport.de/ninja-warrior/pe686301/christian-range/, Christian Range, Deutschland, 19.03.2000
https://www.sport.de/ninja-warrior/pe686269/benjamin-reichmann/, Benjamin Reichmann, Deutschland, 04.05.1986
https://www.sport.de/ninja-warrior/pe686426/michelle-reichrath/, Michelle Reichrath, Deutschland, 28.11.1996
https://www.sport.de/ninja-warrior/pe686675/kyra-reinert/, Kyra Reinert, Deutschland, 11.04.1997
https://www.sport.de/ninja-warrior/pe686664/matthias-reins/, Matthias Reins, Deutschland, 31.01.1988
https://www.sport.de/ninja-warrior/pe686653/david-reis/, David Reis, Deutschland, 23.06.1986
https://www.sport.de/ninja-warrior/pe686587/marcel-remus/, Marcel Remus, Deutschland, 03.10.1986
https://www.sport.de/ninja-warrior/pe686663/shariq-reza/, Shariq Reza, Österreich, 26.02.1987
https://www.sport.de/ninja-warrior/pe686291/pascal-ricken/, Pascal Ricken, Deutschland, 14.12.1988
https://www.sport.de/ninja-warrior/pe705755/lars-riedel/, Lars Riedel, Deutschland, 28.06.1967
https://www.sport.de/ninja-warrior/pe686405/michael-rindisbacher/, Michael Rindisbacher, Schweiz, 07.01.1986
https://www.sport.de/ninja-warrior/pe686404/roman-rindisbacher/, Roman Rindisbacher, Schweiz, 20.02.1981
https://www.sport.de/ninja-warrior/pe686640/thomas-rindisbacher/, Thomas Rindisbacher, Schweiz, 23.10.1979
https://www.sport.de/ninja-warrior/pe686659/tiffany-ritter/, Tiffany Ritter, Deutschland, 01.08.1996
https://www.sport.de/ninja-warrior/pe686229/steve-rockstroh/, Steve Rockstroh, Deutschland, 07.03.1987
https://www.sport.de/ninja-warrior/pe686031/justin-rodney/, Justin Rodney, Deutschland, 30.10.1995
https://www.sport.de/ninja-warrior/pe686594/jennifer-rohde/, Jennifer Rohde, Deutschland, 28.11.1984
https://www.sport.de/ninja-warrior/pe686676/sonja-roehe/, Sonja Röhe, Deutschland, 06.08.1997
https://www.sport.de/ninja-warrior/pe686274/jacek-romanowski/, Jacek Romanowski, Deutschland, 19.07.1984
https://www.sport.de/ninja-warrior/pe686650/alexander-roncevic/, Alexander Rončević, Österreich, 06.08.1992
https://www.sport.de/ninja-warrior/pe686218/marcel-rudkowski/, Marcel Rudkowski, Deutschland, 27.11.1991
https://www.sport.de/ninja-warrior/pe686197/ivo-rupena/, Ivo Rupena, Deutschland, 20.01.1990
https://www.sport.de/ninja-warrior/pe686297/andrew-safo/, Andrew Safo, Deutschland, 27.11.1989
https://www.sport.de/ninja-warrior/pe686599/laura-schaefer/, Laura Schäfer, Deutschland, 10.12.1993
https://www.sport.de/ninja-warrior/pe686629/jan-schaff/, Jan Schaff, Deutschland, 29.03.2000
https://www.sport.de/ninja-warrior/pe686630/brix-schaumburg/, Brix Schaumburg, Deutschland, 30.01.1990
https://www.sport.de/ninja-warrior/pe686596/nadja-schenkel/, Nadja Schenkel, Deutschland, 23.08.1996
https://www.sport.de/ninja-warrior/pe686614/mirco-scherrer/, Mirco Scherrer, Schweiz, 28.08.1991
https://www.sport.de/ninja-warrior/pe686625/milan-schirowski/, Milan Schirowski, Deutschland, 12.09.1989
https://www.sport.de/ninja-warrior/pe686087/joern-schloenvoigt/, Jörn Schlönvoigt, Deutschland, 01.08.1986
https://www.sport.de/ninja-warrior/pe686657/benedikt-schmid/, Benedikt Schmid, Deutschland, 01.04.1993
https://www.sport.de/ninja-warrior/pe686656/jakob-schmid/, Jakob Schmid, Deutschland, 26.11.1996
https://www.sport.de/ninja-warrior/pe686593/christian-schmidt/, Christian Schmidt, Deutschland, 03.01.1988
https://www.sport.de/ninja-warrior/pe686075/daniel-schmidt/, Daniel Schmidt, Deutschland, 14.05.1991
https://www.sport.de/ninja-warrior/pe686187/miriam-schmidt/, Miriam Schmidt, Deutschland, 19.01.1987
https://www.sport.de/ninja-warrior/pe686598/sabrina-schnell/, Sabrina Schnell, Deutschland, 28.04.2000
https://www.sport.de/ninja-warrior/pe686232/thomas-schoerghofer/, Thomas Schörghofer, Österreich, 29.01.1997
https://www.sport.de/ninja-warrior/pe686290/sebastian-schuler/, Sebastian Schuler, Deutschland, 08.04.1991
https://www.sport.de/ninja-warrior/pe686283/arleen-schuessler/, Arleen Schüßler, Deutschland, 08.12.1991
https://www.sport.de/ninja-warrior/pe686254/thomas-schuth/, Thomas Schuth, Deutschland, 03.10.1980
https://www.sport.de/ninja-warrior/pe686194/norbert-schwarz/, Norbert Schwarz, Deutschland, 19.10.1985
https://www.sport.de/ninja-warrior/pe705743/luna-schweiger/, Luna Schweiger, Deutschland, 11.01.1997
https://www.sport.de/ninja-warrior/pe686147/johannes-schwitzgebel/, Johannes Schwitzgebel, Deutschland, 18.01.1997
https://www.sport.de/ninja-warrior/pe686293/timo-seifried/, Timo Seifried, Deutschland, 16.09.1992
https://www.sport.de/ninja-warrior/pe686214/clara-siebel/, Clara Siebel, Deutschland, 15.04.1998
https://www.sport.de/ninja-warrior/pe686668/michael-siegmund/, Michael Siegmund, Deutschland, 27.10.1980
https://www.sport.de/ninja-warrior/pe686295/simon-sielemann/, Simon Sielemann, Deutschland, 15.04.1997
https://www.sport.de/ninja-warrior/pe686289/benedikt-sigmund/, Benedikt Sigmund, Deutschland, 25.07.1983
https://www.sport.de/ninja-warrior/pe686144/gino-sigmund/, Gino Sigmund, Deutschland, 03.02.1977
https://www.sport.de/ninja-warrior/pe686285/christopher-sloan/, Christopher Sloan, Deutschland, 28.09.1989
https://www.sport.de/ninja-warrior/pe686156/silke-sollfrank/, Silke Sollfrank, Deutschland, 10.06.1997
https://www.sport.de/ninja-warrior/pe686474/ralf-sommer/, Ralf Sommer, Deutschland, 22.09.1963
https://www.sport.de/ninja-warrior/pe685948/patrick-sonderegger/, Patrick Sonderegger, Schweiz, 07.08.1983
https://www.sport.de/ninja-warrior/pe686258/vassilij-sosunov/, Vassilij Sosunov, Deutschland, 04.12.1993
https://www.sport.de/ninja-warrior/pe686222/brendan-sperlich/, Brendan Sperlich, Deutschland, 16.04.2000
https://www.sport.de/ninja-warrior/pe686652/siegfried-sperlich/, Siegfried Sperlich, Deutschland, 18.08.1989
https://www.sport.de/ninja-warrior/pe686196/tim-speth/, Tim Speth, Deutschland, 13.05.1995
https://www.sport.de/ninja-warrior/pe686302/michael-spingler/, Michael Spingler, Deutschland, 27.12.1995
https://www.sport.de/ninja-warrior/pe686303/stephan-spingler/, Stephan Spingler, Deutschland, 04.05.1994
https://www.sport.de/ninja-warrior/pe685877/max-sprenger/, Max Sprenger, Deutschland, 10.10.1994
https://www.sport.de/ninja-warrior/pe686228/vito-stefanutti/, Vito Stefanutti, Deutschland, 18.12.1999
https://www.sport.de/ninja-warrior/pe685870/philipp-stehler/, Philipp Stehler, Deutschland, 06.06.1988
https://www.sport.de/ninja-warrior/pe686172/christoph-steinmaier/, Christoph Steinmaier, Deutschland, 23.11.1996
https://www.sport.de/ninja-warrior/pe686257/fabio-sterrantino/, Fabio Sterrantino, Deutschland, 28.06.1996
https://www.sport.de/ninja-warrior/pe686242/julia-stockmann/, Julia Stockmann, Deutschland, 10.04.1992
https://www.sport.de/ninja-warrior/pe686627/mathieu-sychla/, Mathieu Sychla, Deutschland, 07.09.1980
https://www.sport.de/ninja-warrior/pe686231/mike-szech/, Mike Szech, Deutschland, 20.05.1998
https://www.sport.de/ninja-warrior/pe686190/fabian-taeger/, Fabian Täger, Deutschland, 08.01.1986
https://www.sport.de/ninja-warrior/pe686191/jan-taeger/, Jan Täger, Deutschland, 08.01.1986
https://www.sport.de/ninja-warrior/pe686170/fabrice-tambwe/, Fabrice Tambwe, Deutschland, 15.09.1992
https://www.sport.de/ninja-warrior/pe686284/ada-theilken/, Ada Theilken, Deutschland, 16.11.1997
https://www.sport.de/ninja-warrior/pe686240/vanessa-thomae/, Vanessa Thomae, Deutschland, 29.06.1997
https://www.sport.de/ninja-warrior/pe686210/alex-thomas/, Alex Thomas, Deutschland, 16.12.1998
https://www.sport.de/ninja-warrior/pe686140/lukas-tietze/, Lukas Tietze, Deutschland, 25.11.1996
https://www.sport.de/ninja-warrior/pe686260/gabriel-tille/, Gabriel Tille, Deutschland, 02.09.1997
https://www.sport.de/ninja-warrior/pe686277/melanie-tischler/, Melanie Tischler, Österreich, 10.01.1997
https://www.sport.de/ninja-warrior/pe686649/mark-toller/, Mark Toller, Österreich, 25.05.1995
https://www.sport.de/ninja-warrior/pe686230/domenico-tonini/, Domenico Tonini, Deutschland, 21.06.1996
https://www.sport.de/ninja-warrior/pe686639/osman-umur/, Osman Umur, Deutschland, 24.10.1992
https://www.sport.de/ninja-warrior/pe686067/arash-vaezi/, Arash Vaezi, Deutschland, 12.03.1976
https://www.sport.de/ninja-warrior/pe686211/philipp-van-der-grinten/, Philipp Van der Grinten, Deutschland, 06.03.1995
https://www.sport.de/ninja-warrior/pe686408/johannes-veh/, Johannes Veh, Deutschland, 12.03.1992
https://www.sport.de/ninja-warrior/pe686648/bodo-vopel/, Bodo Vopel, Deutschland, 27.08.1982
https://www.sport.de/ninja-warrior/pe686645/michael-wachter/, Michael Wachter, Deutschland, 17.08.1988
https://www.sport.de/ninja-warrior/pe686601/cindy-wagner/, Cindy Wagner, Deutschland, 15.02.1995
https://www.sport.de/ninja-warrior/pe705733/jasmin-wagner/, Jasmin Wagner, Deutschland, 20.04.1980
https://www.sport.de/ninja-warrior/pe686637/pia-wagner/, Pia Wagner, Deutschland, 11.01.1990
https://www.sport.de/ninja-warrior/pe686273/jan-hauke-waibl/, Jan-Hauke Waibl, Deutschland, 13.03.1986
https://www.sport.de/ninja-warrior/pe686221/wolfgang-wallner/, Wolfgang Wallner, Österreich, 27.10.1982
https://www.sport.de/ninja-warrior/pe686188/melina-wassertheurer/, Melina Wassertheurer, Österreich, 31.07.1996
https://www.sport.de/ninja-warrior/pe686275/sven-weber/, Sven Weber, Deutschland, 01.06.1983
https://www.sport.de/ninja-warrior/pe686193/florian-wedekink/, Florian Wedekink, Deutschland, 04.05.1989
https://www.sport.de/ninja-warrior/pe686600/marina-wedemeyer/, Marina Wedemeyer, Deutschland, 17.09.1985
https://www.sport.de/ninja-warrior/pe686227/philipp-wehringer/, Philipp Wehringer, Deutschland, 02.03.1990
https://www.sport.de/ninja-warrior/pe686155/viola-weiermueller/, Viola Weiermüller, Deutschland, 21.10.1967
https://www.sport.de/ninja-warrior/pe686206/uwe-weitzer/, Uwe Weitzer, Österreich, 08.01.1984
https://www.sport.de/ninja-warrior/pe686351/sebastian-wicke/, Sebastian Wicke, Deutschland, 06.05.1988
https://www.sport.de/ninja-warrior/pe686489/jessica-wielens/, Jessica Wielens, Deutschland, 19.11.1986
https://www.sport.de/ninja-warrior/pe686622/klaus-dieter-wiesner/, Klaus-Dieter Wiesner, Deutschland, 09.08.1959
https://www.sport.de/ninja-warrior/pe686299/alexander-wilhelm/, Alexander Wilhelm, Deutschland, 24.11.1991
https://www.sport.de/ninja-warrior/pe686241/nadine-wilhelm/, Nadine Wilhelm, Deutschland, 28.02.1991
https://www.sport.de/ninja-warrior/pe686236/deniro-wille/, Deniro Wille, Deutschland, 23.10.1997
https://www.sport.de/ninja-warrior/pe686195/lukas-winklmann/, Lukas Winklmann, Deutschland, 20.07.1997
https://www.sport.de/ninja-warrior/pe686660/corinne-wochnik/, Corinne Wochnik, Deutschland, 22.02.1986
https://www.sport.de/ninja-warrior/pe685878/andreas-woehle/, Andreas Wöhle, Deutschland, 02.09.1990
https://www.sport.de/ninja-warrior/pe707538/michael-wohlgenannt/, Michael Wohlgenannt, Österreich, 26.06.1995
https://www.sport.de/ninja-warrior/pe685940/david-wollschlaeger/, David Wollschläger, Deutschland, 23.07.1992
https://www.sport.de/ninja-warrior/pe686433/adrian-wullweber/, Adrian Wullweber, Deutschland, 22.03.1992
https://www.sport.de/ninja-warrior/pe686085/alexander-wurm/, Alexander Wurm, Deutschland, 11.05.1996
