
https://www.sport.de/ninja-warrior/pe686795/kevin-addamiano/, Kevin Addamiano, Deutschland, 10.02.1995
https://www.sport.de/ninja-warrior/pe686794/marco-addamiano/, Marco Addamiano, Deutschland, 10.02.1995
https://www.sport.de/ninja-warrior/pe686769/tina-adler/, Tina Adler, Deutschland, 25.02.1984
https://www.sport.de/ninja-warrior/pe686788/harald-aichner/, Harald Aichner, Italien, 28.07.1994
https://www.sport.de/ninja-warrior/pe686821/philipp-allgeuer/, Philipp Allgeuer, Australien, 09.09.1992
https://www.sport.de/ninja-warrior/pe686728/marvin-amato/, Marvin Amato, Deutschland, 24.02.1990
https://www.sport.de/ninja-warrior/pe686714/mohammad-amin/, Mohammad Amin, Iran, 11.12.1988
https://www.sport.de/ninja-warrior/pe686778/stefan-angermeier/, Stefan Angermeier, Deutschland, 10.08.1992
https://www.sport.de/ninja-warrior/pe686696/fiorenzo-angius/, Fiorenzo Angius, Italien, 02.08.1974
https://www.sport.de/ninja-warrior/pe686107/alix-arndt/, Alix Arndt, Deutschland, 27.05.1979
https://www.sport.de/ninja-warrior/pe686725/konstantinas-atkocius/, Konstantinas Atkocius, Deutschland, 23.08.1989
https://www.sport.de/ninja-warrior/pe705711/patrick-bach/, Patrick Bach, Deutschland, 30.03.1968
https://www.sport.de/ninja-warrior/pe686706/sascha-bachmann/, Sascha Bachmann, Deutschland, 27.02.1989
https://www.sport.de/ninja-warrior/pe686086/christian-balkheimer/, Christian Balkheimer, Deutschland, 22.11.1992
https://www.sport.de/ninja-warrior/pe686816/aline-barre/, Aline Barre, Deutschland, 19.05.1998
https://www.sport.de/ninja-warrior/pe686770/nicolas-baumann/, Nicolas Baumann, Deutschland, 16.09.1996
https://www.sport.de/ninja-warrior/pe686248/omid-bayat/, Omid Bayat, Deutschland, 27.10.1985
https://www.sport.de/ninja-warrior/pe686217/rita-benker/, Rita Benker, Deutschland, 28.09.1988
https://www.sport.de/ninja-warrior/pe686853/mandy-berg/, Mandy Berg, Deutschland, 25.10.1997
https://www.sport.de/ninja-warrior/pe686602/katharina-blank/, Katharina Blank, Deutschland, 24.01.1993
https://www.sport.de/ninja-warrior/pe686792/florian-boebel/, Florian Böbel, Deutschland, 29.02.1988
https://www.sport.de/ninja-warrior/pe686848/judith-boesing/, Judith Bösing, Deutschland, 22.12.1981
https://www.sport.de/ninja-warrior/pe686845/salah-boukhaoua/, Salah Boukhaoua, Schweiz, 28.04.1983
https://www.sport.de/ninja-warrior/pe686813/allen-boxer/, Allen Boxer, Frankreich, 11.01.1986
https://www.sport.de/ninja-warrior/pe35221/philipp-boy/, Philipp Boy, Deutschland, 23.07.1987
https://www.sport.de/ninja-warrior/pe685874/michael-braeuer/, Michael Bräuer, Deutschland, 08.06.1995
https://www.sport.de/beachvolleyball/pe32435/julius-brink/, Julius Brink, Deutschland, 06.07.1982
https://www.sport.de/ninja-warrior/pe686840/caroline-brunner/, Caroline Brunner, Deutschland, 02.12.1994
https://www.sport.de/ninja-warrior/pe686505/simon-brunner/, Simon Brunner, Deutschland, 09.06.1997
https://www.sport.de/ninja-warrior/pe705735/magdalena-brzeska/, Magdalena Brzeska, Deutschland, 14.05.1978
https://www.sport.de/ninja-warrior/pe686719/sebastian-buchner/, Sebastian Buchner, Deutschland, 15.09.2000
https://www.sport.de/ninja-warrior/pe705737/evelyn-burdecki/, Evelyn Burdecki, Deutschland, 19.09.1988
https://www.sport.de/ninja-warrior/pe686702/maik-burkowski/, Maik Burkowski, Deutschland, 17.10.1975
https://www.sport.de/ninja-warrior/pe686846/balian-buschbaum/, Balian Buschbaum, Deutschland, 14.07.1980
https://www.sport.de/ninja-warrior/pe686559/rene-casselly/, René Casselly, Deutschland, 06.09.1996
https://www.sport.de/ninja-warrior/pe686171/deniz-celik/, Deniz Celik, Türkei, 29.04.1989
https://www.sport.de/ninja-warrior/pe686738/elsa-culemann/, Elsa Culemann, Deutschland, 03.11.1990
https://www.sport.de/ninja-warrior/pe686839/georgi-damyanov/, Georgi Damyanov, Bulgarien, 27.06.1993
https://www.sport.de/ninja-warrior/pe686746/malik-davis/, Malik Davis, Deutschland, 23.01.1992
https://www.sport.de/ninja-warrior/pe686420/daniel-decker/, Daniel Decker, Deutschland, 28.07.1997
https://www.sport.de/ninja-warrior/pe686671/dennis-decker/, Dennis Decker, Deutschland, 03.12.1995
https://www.sport.de/ninja-warrior/pe686692/mark-degebrodt/, Mark Degebrodt, Deutschland, 15.11.1985
https://www.sport.de/ninja-warrior/pe686718/jannis-deuring/, Jannis Deuring, Deutschland, 04.09.2000
https://www.sport.de/ninja-warrior/pe686606/etienne-diatta/, Etienne Diatta, Senegal, 23.04.1990
https://www.sport.de/ninja-warrior/pe686760/wolfgang-dietrich/, Wolfgang Dietrich, Deutschland, 24.08.1988
https://www.sport.de/ninja-warrior/pe685879/sladjan-djulabic/, Sladjan Djulabic, Deutschland, 29.11.1988
https://www.sport.de/ninja-warrior/pe686753/bastian-dorando/, Bastian Dorando, Deutschland, 04.07.1999
https://www.sport.de/ninja-warrior/pe686799/stefanie-drach/, Stefanie Drach, Deutschland, 21.04.1995
https://www.sport.de/ninja-warrior/pe686693/samuel-dufner/, Samuel Dufner, Deutschland, 08.04.1989
https://www.sport.de/ninja-warrior/pe686729/theresa-duering/, Theresa Düring, Deutschland, 14.12.1992
https://www.sport.de/ninja-warrior/pe686742/peter-dworaczek/, Peter Dworaczek, Deutschland, 14.02.1985
https://www.sport.de/ninja-warrior/pe686058/till-ebener/, Till Ebener, Deutschland, 12.05.1985
https://www.sport.de/ninja-warrior/pe698720/tobias-eberle/, Tobias Eberle, Deutschland
https://www.sport.de/ninja-warrior/pe686736/felix-eckart/, Felix Eckart, Deutschland, 05.02.1993
https://www.sport.de/ninja-warrior/pe686238/tabitha-eckfeld/, Tabitha Eckfeld, Deutschland, 16.12.1994
https://www.sport.de/ninja-warrior/pe686758/florian-eckl/, Florian Eckl, Deutschland, 24.11.1993
https://www.sport.de/ninja-warrior/pe686038/oliver-edelmann/, Oliver Edelmann, Deutschland, 29.01.1994
https://www.sport.de/ninja-warrior/pe686704/manuel-eder/, Manuel Eder, Österreich, 02.12.1986
https://www.sport.de/ninja-warrior/pe686803/tiffany-eidner/, Tiffany Eidner, Deutschland, 18.11.1997
https://www.sport.de/ninja-warrior/pe686177/david-eilenstein/, David Eilenstein, Deutschland, 07.05.1992
https://www.sport.de/ninja-warrior/pe686680/joerg-eissmann/, Jörg Eißmann, Deutschland, 25.03.1970
https://www.sport.de/ninja-warrior/pe686234/karim-el-azzazy/, Karim El Azzazy, Deutschland, 10.04.1991
https://www.sport.de/ninja-warrior/pe686233/yasin-el-azzazy/, Yasin El Azzazy, Deutschland, 20.03.1990
https://www.sport.de/ninja-warrior/pe686745/valerie-elflein/, Valerie Elflein, Deutschland, 20.07.1992
https://www.sport.de/ninja-warrior/pe705734/jenny-elvers/, Jenny Elvers, Deutschland, 11.05.1972
https://www.sport.de/ninja-warrior/pe686698/yuel-emha/, Yuel Emha, Deutschland, 01.01.1999
https://www.sport.de/ninja-warrior/pe686619/giovanni-ertl/, Giovanni Ertl, Deutschland, 21.08.1996
https://www.sport.de/ninja-warrior/pe686624/eren-eski/, Eren Eski, Deutschland, 28.02.1997
https://www.sport.de/ninja-warrior/pe686831/titos-farias/, Titos Farias, Mosambik, 13.06.1992
https://www.sport.de/ninja-warrior/pe686708/pietro-farsetta/, Pietro Farsetta, Italien, 23.07.1987
https://www.sport.de/ninja-warrior/pe686691/marco-fausser/, Marco Faußer, Deutschland, 06.06.1985
https://www.sport.de/ninja-warrior/pe686709/odo-federolf/, Odo Federolf, Deutschland, 06.12.1995
https://www.sport.de/ninja-warrior/pe686767/pavel-fomin/, Pavel Fomin, Deutschland, 28.04.1985
https://www.sport.de/ninja-warrior/pe686091/pamela-forster/, Pamela Forster, Österreich, 10.10.1986
https://www.sport.de/ninja-warrior/pe686703/andrea-forstmayr/, Andrea Forstmayr, Österreich, 13.09.1985
https://www.sport.de/ninja-warrior/pe686796/charlotte-frank/, Charlotte Frank, Deutschland, 08.12.1992
https://www.sport.de/ninja-warrior/pe686679/philipp-peter-frank/, Philipp Peter Frank, Deutschland, 18.06.1996
https://www.sport.de/ninja-warrior/pe686705/christopher-freund/, Christopher Freund, Deutschland, 31.12.1993
https://www.sport.de/ninja-warrior/pe686784/stephan-fricke/, Stephan Fricke, Deutschland, 04.04.1983
https://www.sport.de/ninja-warrior/pe686764/jonathan-genck/, Jonathan Genck, Deutschland, 08.02.1986
https://www.sport.de/ninja-warrior/pe685942/daniel-gerber/, Daniel Gerber, Deutschland, 03.08.1996
https://www.sport.de/ninja-warrior/pe686855/ronja-goller/, Ronja Goller, Deutschland, 23.01.1982
https://www.sport.de/ninja-warrior/pe686686/dave-grabert/, Dave Grabert, Deutschland, 18.08.1990
https://www.sport.de/ninja-warrior/pe686715/bjoern-graul/, Björn Graul, Deutschland, 30.08.1999
https://www.sport.de/ninja-warrior/pe686457/alex-grunwald/, Alex Grunwald, Deutschland, 24.05.1989
https://www.sport.de/ninja-warrior/pe686615/attila-hamberger/, Attila Hamberger, Deutschland, 15.12.1991
https://www.sport.de/ninja-warrior/pe686688/joel-hamberger/, Joel Hamberger, Deutschland, 03.07.1994
https://www.sport.de/ninja-warrior/pe35222/fabian-hambuechen/, Fabian Hambüchen, Deutschland, 25.10.1987
https://www.sport.de/ninja-warrior/pe684374/moritz-hans/, Moritz Hans, Deutschland, 29.02.1996
https://www.sport.de/ninja-warrior/pe686033/philipp-hans/, Philipp Hans, Deutschland, 21.09.1993
https://www.sport.de/ninja-warrior/pe686399/christian-harmat/, Christian Harmat, Schweiz, 25.12.1991
https://www.sport.de/ninja-warrior/pe686768/charline-hausen/, Charline Hausen, Deutschland, 31.12.1993
https://www.sport.de/ninja-warrior/pe686271/jescher-heidl/, Jescher Heidl, Deutschland, 17.02.1993
https://www.sport.de/ninja-warrior/pe686272/manasse-heidl/, Manasse Heidl, Deutschland, 17.02.1994
https://www.sport.de/ninja-warrior/pe686833/jessica-heinze/, Jessica Heinze, Deutschland, 20.01.1992
https://www.sport.de/ninja-warrior/pe686721/jan-heinzel/, Jan Heinzel, Deutschland, 20.12.1990
https://www.sport.de/ninja-warrior/pe686413/maria-henneken/, Maria Henneken, Deutschland, 24.09.1985
https://www.sport.de/ninja-warrior/pe686812/dustin-herbrueggen/, Dustin Herbrüggen, Deutschland, 21.12.1995
https://www.sport.de/ninja-warrior/pe686828/markus-herdieckerhoff/, Markus Herdieckerhoff, Deutschland, 16.05.1994
https://www.sport.de/ninja-warrior/pe686720/diego-heubeck/, Diego Heubeck, Deutschland, 02.06.1990
https://www.sport.de/ninja-warrior/pe686701/alex-hildebrandt/, Alex Hildebrandt, Deutschland, 12.01.1984
https://www.sport.de/handball/pe672295/gary-hines/, Gary Hines, Deutschland, 21.03.1984
https://www.sport.de/ninja-warrior/pe37283/carolin-tamara-hingst/, Carolin Tamara Hingst, Deutschland, 18.09.1980
https://www.sport.de/ninja-warrior/pe686287/angelo-hoefele/, Angelo Höfele, Deutschland, 09.06.1966
https://www.sport.de/ninja-warrior/pe686785/steven-hofmann/, Steven Hofmann, Deutschland, 18.05.1988
https://www.sport.de/ninja-warrior/pe686678/tatjana-holz/, Tatjana Holz, Deutschland, 06.09.1989
https://www.sport.de/ninja-warrior/pe686832/tobias-holz/, Tobias Holz, Deutschland, 08.09.2000
https://www.sport.de/ninja-warrior/pe686805/marius-holzinger/, Marius Holzinger, Deutschland, 01.10.1999
https://www.sport.de/ninja-warrior/pe686774/fabiola-hopp/, Fabiola Hopp, Deutschland, 26.06.1986
https://www.sport.de/ninja-warrior/pe686842/martin-hufnagel/, Martin Hufnagel, Deutschland, 03.09.1988
https://www.sport.de/ninja-warrior/pe686710/beate-hutzler/, Beate Hutzler, Deutschland, 09.10.1989
https://www.sport.de/ninja-warrior/pe686766/sven-jakobs/, Sven Jakobs, Deutschland, 06.08.1988
https://www.sport.de/fussball/pe137131/paul-janke/, Paul Janke, Deutschland, 16.09.1981
https://www.sport.de/ninja-warrior/pe686801/jonathan-jung/, Jonathan Jung, Deutschland, 28.08.1999
https://www.sport.de/ninja-warrior/pe686791/marcel-kaeding/, Marcel Kaeding, Deutschland, 28.10.1988
https://www.sport.de/ninja-warrior/pe686810/julian-kaltschmidt/, Julian Kaltschmidt, Deutschland, 05.09.1987
https://www.sport.de/ninja-warrior/pe686824/artur-kaufman/, Artur Kaufman, Deutschland, 31.10.1994
https://www.sport.de/ninja-warrior/pe686743/lukas-kern/, Lukas Kern, Deutschland, 14.06.1995
https://www.sport.de/ninja-warrior/pe686185/lilli-kiesgen/, Lilli Kiesgen, Deutschland, 02.07.1996
https://www.sport.de/ninja-warrior/pe686749/lukas-kilian/, Lukas Kilian, Deutschland, 18.08.1992
https://www.sport.de/ninja-warrior/pe686255/jun-kim/, Jun Kim, Deutschland, 03.05.1988
https://www.sport.de/ninja-warrior/pe685937/christian-kirstges/, Christian Kirstges, Deutschland, 19.12.1986
https://www.sport.de/ninja-warrior/pe686744/isabel-klarmann/, Isabel Klarmann, Deutschland, 03.11.1998
https://www.sport.de/ninja-warrior/pe686804/julia-koch/, Julia Koch, Deutschland, 24.09.2000
https://www.sport.de/ninja-warrior/pe686822/philipp-koch/, Philipp Koch, Deutschland, 09.11.1999
https://www.sport.de/ninja-warrior/pe686836/stephan-koitek/, Stephan Koitek, Deutschland, 14.03.1989
https://www.sport.de/ninja-warrior/pe686787/kim-komnenic/, Kim Komnenic, Deutschland, 25.01.1993
https://www.sport.de/ninja-warrior/pe686690/jekaterina-konanchuk/, Jekaterina Konanchuk, Deutschland, 14.02.1981
https://www.sport.de/ninja-warrior/pe686689/roman-konanchuk/, Roman Konanchuk, Ukraine, 03.06.1979
https://www.sport.de/ninja-warrior/pe686216/sarah-kopp/, Sarah Kopp, Deutschland, 11.02.1981
https://www.sport.de/ninja-warrior/pe707539/marlene-kowalik/, Marlene Kowalik, Deutschland, 09.06.1984
https://www.sport.de/ninja-warrior/pe686797/dennis-kraus/, Dennis Kraus, Deutschland, 20.06.1990
https://www.sport.de/ninja-warrior/pe705727/mickie-krause/, Mickie Krause, Deutschland, 21.06.1970
https://www.sport.de/ninja-warrior/pe686856/joern-kroell/, Jörn Kröll, Deutschland, 06.02.1997
https://www.sport.de/ninja-warrior/pe686858/krister-kroell/, Krister Kröll, Deutschland, 04.04.2000
https://www.sport.de/ninja-warrior/pe707540/eric-krueger/, Eric Krüger, Deutschland, 21.03.1988
https://www.sport.de/ninja-warrior/pe686854/ahmet-kurt/, Ahmet Kurt, Deutschland, 02.01.1954
https://www.sport.de/ninja-warrior/pe686747/christian-lang/, Christian Lang, Deutschland, 20.02.1992
https://www.sport.de/ninja-warrior/pe686793/sandra-lang/, Sandra Lang, Deutschland, 25.12.1989
https://www.sport.de/ninja-warrior/pe686857/jan-laskowski/, Jan Laskowski, Deutschland, 26.05.1999
https://www.sport.de/ninja-warrior/pe686798/benedikt-last/, Benedikt Last, Deutschland, 28.05.1994
https://www.sport.de/ninja-warrior/pe686265/colin-leathers/, Colin Leathers, Deutschland, 23.07.1994
https://www.sport.de/ninja-warrior/pe686837/christin-lede/, Christin Lede, Deutschland, 21.06.1988
https://www.sport.de/ninja-warrior/pe686707/maika-lederer/, Maika Lederer, Deutschland, 04.10.1988
https://www.sport.de/fussball/pe43183/thorsten-legat/, Thorsten Legat, Deutschland, 07.11.1968
https://www.sport.de/ninja-warrior/pe686359/dennis-leiber/, Dennis Leiber, Deutschland, 19.12.1998
https://www.sport.de/ninja-warrior/pe686358/rainer-leiber/, Rainer Leiber, Deutschland, 13.10.1970
https://www.sport.de/ninja-warrior/pe686682/robin-leiber/, Robin Leiber, Deutschland, 11.05.2001
https://www.sport.de/ninja-warrior/pe686755/rosa-lenz/, Rosa Lenz, Deutschland, 03.12.1989
https://www.sport.de/ninja-warrior/pe686713/kevin-liehn/, Kevin Liehn, Deutschland, 03.05.1988
https://www.sport.de/ninja-warrior/pe686727/natalie-lieweke/, Natalie Lieweke, Deutschland, 12.08.1990
https://www.sport.de/ninja-warrior/pe686838/remy-lignie/, Remy Lignie, Deutschland, 10.06.1987
https://www.sport.de/ninja-warrior/pe686146/mahdi-limper/, Mahdi Limper, Deutschland, 01.01.1999
https://www.sport.de/ninja-warrior/pe686779/daniel-lobotzki/, Daniel Lobotzki, Deutschland, 22.01.1997
https://www.sport.de/ninja-warrior/pe686762/marian-lotze/, Marian Lotze, Deutschland, 16.08.1995
https://www.sport.de/ninja-warrior/pe686215/marion-luck/, Marion Luck, Deutschland, 17.03.1991
https://www.sport.de/ninja-warrior/pe686841/giacomo-lupiccolo/, Giacomo Lupiccolo, Deutschland, 27.04.1986
https://www.sport.de/ninja-warrior/pe686759/daniel-maachaoui/, Daniel Maachaoui, Deutschland, 10.04.1984
https://www.sport.de/ninja-warrior/pe686830/markus-malle/, Markus Malle, Deutschland, 18.07.1971
https://www.sport.de/basketball/pe264688/andrej-mangold/, Andrej Mangold, Deutschland, 14.01.1987
https://www.sport.de/ninja-warrior/pe686552/johannes-mann/, Johannes Mann, Deutschland, 06.09.1990
https://www.sport.de/ninja-warrior/pe686835/carikalan-manoharan/, Carikalan Manoharan, Sri Lanka, 08.04.2001
https://www.sport.de/ninja-warrior/pe685867/mia-manojlovic/, Mia Manojlovic, Deutschland, 24.08.1997
https://www.sport.de/ninja-warrior/pe686213/kim-marschner/, Kim Marschner, Deutschland, 28.01.1998
https://www.sport.de/ninja-warrior/pe686179/joel-mattli/, Joel Mattli, Schweiz, 24.04.1994
https://www.sport.de/ninja-warrior/pe686781/mark-maurer/, Mark Maurer, Deutschland, 18.08.1997
https://www.sport.de/ninja-warrior/pe686181/yoni-meergarten/, Yoni Meergarten, Deutschland, 03.04.1984
https://www.sport.de/ninja-warrior/pe686732/frank-mehle/, Frank Mehle, Deutschland, 21.04.1960
https://www.sport.de/ninja-warrior/pe686737/enrico-meister/, Enrico Meister, Deutschland, 29.03.1999
https://www.sport.de/ninja-warrior/pe686765/randolf-menge/, Randolf Menge, Deutschland, 01.08.1988
https://www.sport.de/ninja-warrior/pe686757/daniel-menne/, Daniel Menne, Deutschland, 14.03.1987
https://www.sport.de/ninja-warrior/pe686808/andrea-messner/, Andrea Meßner, Deutschland, 18.04.1995
https://www.sport.de/ninja-warrior/pe686695/denise-meyer/, Denise Meyer, Deutschland, 06.08.1988
https://www.sport.de/ninja-warrior/pe686697/kevin-meyer/, Kevin Meyer, Deutschland, 04.02.1991
https://www.sport.de/ninja-warrior/pe686717/chantal-michels/, Chantal Michels, Deutschland, 22.05.1996
https://www.sport.de/ninja-warrior/pe686186/paula-mickert/, Paula Mickert, Deutschland, 12.09.1995
https://www.sport.de/ninja-warrior/pe686726/andre-mikitta/, André Mikitta, Deutschland, 24.01.1996
https://www.sport.de/ninja-warrior/pe686735/silvio-minakawa/, Silvio Minakawa, Deutschland, 06.03.1980
https://www.sport.de/ninja-warrior/pe686722/paul-mitskevitch/, Paul Mitskevitch, Deutschland, 30.07.1998
https://www.sport.de/ninja-warrior/pe685941/marvin-mitterhuber/, Marvin Mitterhuber, Deutschland, 23.07.1993
https://www.sport.de/ninja-warrior/pe686861/stephan-moebius/, Stephan Möbius, Deutschland, 21.06.1990
https://www.sport.de/ninja-warrior/pe36858/sabrina-mockenhaupt/, Sabrina Mockenhaupt, Deutschland, 06.12.1980
https://www.sport.de/ninja-warrior/pe686263/ali-moussa/, Ali Moussa, Deutschland, 30.07.1982
https://www.sport.de/ninja-warrior/pe707541/juergen-mueller/, Jürgen Müller, Deutschland, 17.07.1960
https://www.sport.de/ninja-warrior/pe685880/herwig-natmessnig/, Herwig Natmessnig, Österreich, 10.08.1981
https://www.sport.de/ninja-warrior/pe686826/marc-neuhaus/, Marc Neuhaus, Deutschland, 13.08.1983
https://www.sport.de/ninja-warrior/pe686777/quang-lam-ngo/, Quang-Lam Ngo, Deutschland, 05.09.1992
https://www.sport.de/ninja-warrior/pe686723/stefanie-noppinger/, Stefanie Noppinger, Österreich, 25.06.1993
https://www.sport.de/ninja-warrior/pe686687/mara-oberlechner/, Mara Oberlechner, Deutschland, 08.12.1990
https://www.sport.de/ninja-warrior/pe686783/thomas-oppermann/, Thomas Oppermann, Deutschland, 14.12.1988
https://www.sport.de/ninja-warrior/pe705728/peter-orloff/, Peter Orloff, Deutschland, 12.03.1944
https://www.sport.de/ninja-warrior/pe686712/leoni-ostler/, Leoni Ostler, Deutschland, 01.01.1999
https://www.sport.de/ninja-warrior/pe686772/lisa-pannicke/, Lisa Pannicke, Deutschland, 24.05.1989
https://www.sport.de/ninja-warrior/pe686588/gabriel-pediconi/, Gabriel Pediconi, Deutschland, 05.02.1976
https://www.sport.de/ninja-warrior/pe686734/stephan-pfeifer/, Stephan Pfeifer, Deutschland, 11.12.1984
https://www.sport.de/ninja-warrior/pe705729/benjamin-piwko/, Benjamin Piwko, Deutschland, 11.04.1980
https://www.sport.de/ninja-warrior/pe686843/marten-pollack/, Marten Pollack, Deutschland, 12.02.1967
https://www.sport.de/ninja-warrior/pe685839/rene-poprawa/, Rene Poprawa, Deutschland, 19.09.1989
https://www.sport.de/ninja-warrior/pe686834/max-prinz/, Max Prinz, Deutschland, 01.07.1999
https://www.sport.de/ninja-warrior/pe686410/pascal-probst/, Pascal Probst, Deutschland, 07.07.1993
https://www.sport.de/ninja-warrior/pe686716/andreas-prost/, Andreas Prost, Deutschland, 30.12.1995
https://www.sport.de/ninja-warrior/pe686814/antonia-quindel/, Antonia Quindel, Deutschland, 30.11.1998
https://www.sport.de/ninja-warrior/pe705731/jamie-rahn/, Jamie Rahn, USA, 07.05.1988
https://www.sport.de/ninja-warrior/pe686773/georg-ratke/, Georg Ratke, Deutschland, 26.12.1983
https://www.sport.de/ninja-warrior/pe686775/linda-raulf/, Linda Raulf, Deutschland, 05.06.1991
https://www.sport.de/ninja-warrior/pe686269/benjamin-reichmann/, Benjamin Reichmann, Deutschland, 04.05.1986
https://www.sport.de/ninja-warrior/pe686426/michelle-reichrath/, Michelle Reichrath, Deutschland, 28.11.1996
https://www.sport.de/ninja-warrior/pe686731/holger-reinhardt/, Holger Reinhardt, Deutschland, 10.05.1968
https://www.sport.de/ninja-warrior/pe686844/martin-renk/, Martin Renk, Deutschland, 22.04.1983
https://www.sport.de/ninja-warrior/pe686859/michael-retzinger/, Michael Retzinger, Österreich, 05.11.1983
https://www.sport.de/ninja-warrior/pe686724/tim-reuber/, Tim Reuber, Deutschland, 21.09.1993
https://www.sport.de/ninja-warrior/pe686750/linus-riedel/, Linus Riedel, Deutschland, 12.02.1997
https://www.sport.de/ninja-warrior/pe686730/patrick-ries/, Patrick Ries, Deutschland, 13.12.1988
https://www.sport.de/ninja-warrior/pe686405/michael-rindisbacher/, Michael Rindisbacher, Schweiz, 07.01.1986
https://www.sport.de/ninja-warrior/pe686817/evert-cordero-rosario/, Evert Cordero Rosario, Deutschland, 18.12.1992
https://www.sport.de/ninja-warrior/pe686754/marion-rudolph/, Marion Rudolph, Deutschland, 02.08.1969
https://www.sport.de/ninja-warrior/pe686111/isabell-sabellek/, Isabell Sabellek, Deutschland, 27.12.1985
https://www.sport.de/wintersport/pe211923/evi-sachenbacher-stehle/, Evi Sachenbacher-Stehle, Deutschland, 27.11.1980
https://www.sport.de/ninja-warrior/pe686700/jana-sandner/, Jana Sandner, Deutschland, 05.08.2000
https://www.sport.de/ninja-warrior/pe686711/eva-sauer/, Eva Sauer, Deutschland, 19.08.1995
https://www.sport.de/ninja-warrior/pe686683/martin-schaeper/, Martin Schaeper, Deutschland, 05.10.1988
https://www.sport.de/ninja-warrior/pe686625/milan-schirowski/, Milan Schirowski, Deutschland, 12.09.1989
https://www.sport.de/ninja-warrior/pe686862/rebecca-schmid/, Rebecca Schmid, Österreich, 26.05.2000
https://www.sport.de/ninja-warrior/pe686863/stephan-schmid/, Stephan Schmid, Österreich, 03.11.1976
https://www.sport.de/ninja-warrior/pe686751/frank-schmidpeter/, Frank Schmidpeter, Deutschland, 15.11.1990
https://www.sport.de/ninja-warrior/pe686075/daniel-schmidt/, Daniel Schmidt, Deutschland, 14.05.1991
https://www.sport.de/ninja-warrior/pe686187/miriam-schmidt/, Miriam Schmidt, Deutschland, 19.01.1987
https://www.sport.de/ninja-warrior/pe686827/markus-schmoltner/, Markus Schmoltner, Österreich, 12.09.1995
https://www.sport.de/ninja-warrior/pe686752/kendra-scholvin/, Kendra Scholvin, Deutschland, 01.06.1994
https://www.sport.de/ninja-warrior/pe686681/artur-schreiber/, Artur Schreiber, Deutschland, 21.03.1991
https://www.sport.de/ninja-warrior/pe686819/konstantin-schuler/, Konstantin Schuler, Deutschland, 20.09.1991
https://www.sport.de/ninja-warrior/pe705730/nils-schumann/, Nils Schumann, Deutschland, 20.05.1978
https://www.sport.de/ninja-warrior/pe686283/arleen-schuessler/, Arleen Schüßler, Deutschland, 08.12.1991
https://www.sport.de/ninja-warrior/pe686748/dirk-schuetze/, Dirk Schütze, Deutschland, 03.01.1967
https://www.sport.de/ninja-warrior/pe686802/peter-schwab/, Peter Schwab, Deutschland, 24.09.1985
https://www.sport.de/ninja-warrior/pe686194/norbert-schwarz/, Norbert Schwarz, Deutschland, 19.10.1985
https://www.sport.de/ninja-warrior/pe686739/alina-schwaerzer/, Alina Schwärzer, Deutschland, 27.06.1992
https://www.sport.de/ninja-warrior/pe686789/malte-sehmer/, Malte Sehmer, Deutschland, 25.11.2000
https://www.sport.de/ninja-warrior/pe686694/astrid-sibon/, Astrid Sibon, Niederlande, 15.06.1993
https://www.sport.de/ninja-warrior/pe686668/michael-siegmund/, Michael Siegmund, Deutschland, 27.10.1980
https://www.sport.de/ninja-warrior/pe686756/pascal-siffert/, Pascal Siffert, Deutschland, 25.06.1988
https://www.sport.de/ninja-warrior/pe686289/benedikt-sigmund/, Benedikt Sigmund, Deutschland, 25.07.1983
https://www.sport.de/ninja-warrior/pe686800/artur-sommer/, Artur Sommer, Deutschland, 13.06.1993
https://www.sport.de/ninja-warrior/pe686474/ralf-sommer/, Ralf Sommer, Deutschland, 22.09.1963
https://www.sport.de/ninja-warrior/pe685948/patrick-sonderegger/, Patrick Sonderegger, Schweiz, 07.08.1983
https://www.sport.de/ninja-warrior/pe686852/rene-sperlich/, Rene Sperlich, Deutschland, 30.09.1994
https://www.sport.de/ninja-warrior/pe686851/roy-sperlich/, Roy Sperlich, Deutschland, 29.12.1995
https://www.sport.de/ninja-warrior/pe686652/siegfried-sperlich/, Siegfried Sperlich, Deutschland, 18.08.1989
https://www.sport.de/ninja-warrior/pe685877/max-sprenger/, Max Sprenger, Deutschland, 10.10.1994
https://www.sport.de/ninja-warrior/pe686782/daniel-springer/, Daniel Springer, Deutschland, 27.02.1984
https://www.sport.de/ninja-warrior/pe686786/max-staats/, Max Staats, Deutschland, 23.01.1997
https://www.sport.de/ninja-warrior/pe705716/detlef-steves/, Detlef Steves, Deutschland, 23.01.1969
https://www.sport.de/ninja-warrior/pe686823/michael-streif/, Michael Streif, Deutschland, 27.12.1991
https://www.sport.de/ninja-warrior/pe686809/leo-sucre-azongwa/, Leo Sucre Azongwa, Kamerun, 13.06.1988
https://www.sport.de/ninja-warrior/pe686761/jana-svoboda/, Jana Svoboda, Deutschland, 14.11.2000
https://www.sport.de/ninja-warrior/pe686829/simone-techau/, Simone Techau, Deutschland, 31.10.1974
https://www.sport.de/ninja-warrior/pe686815/thulasimaaran-tharumalingam/, Thulasimaaran Tharumalingam, Deutschland, 24.10.1992
https://www.sport.de/ninja-warrior/pe686776/jonas-thiede/, Jonas Thiede, Deutschland, 10.06.1996
https://www.sport.de/ninja-warrior/pe686806/christian-thomas/, Christian Thomas, Deutschland, 17.10.1989
https://www.sport.de/ninja-warrior/pe686807/alfred-tschechowski/, Alfred Tschechowski, Deutschland, 05.02.1986
https://www.sport.de/ninja-warrior/pe686390/tony-tu/, Tony Tu, Deutschland, 09.04.1992
https://www.sport.de/ninja-warrior/pe686811/jana-unterkoetter/, Jana Unterkötter, Deutschland, 17.02.1999
https://www.sport.de/ninja-warrior/pe686067/arash-vaezi/, Arash Vaezi, Deutschland, 12.03.1976
https://www.sport.de/ninja-warrior/pe705726/felix-van-deventer/, Felix Van Deventer, Deutschland, 03.06.1996
https://www.sport.de/ninja-warrior/pe686780/sabine-volz/, Sabine Volz, Deutschland, 21.07.1990
https://www.sport.de/ninja-warrior/pe686847/katharina-von-chamier/, Katharina Von Chamier, Deutschland, 17.03.1993
https://www.sport.de/ninja-warrior/pe686825/mercy-von-trentini/, Mercy Von Trentini, Deutschland, 18.06.1995
https://www.sport.de/ninja-warrior/pe686771/eric-vosshage/, Eric Voßhage, Deutschland, 16.06.1996
https://www.sport.de/ninja-warrior/pe686601/cindy-wagner/, Cindy Wagner, Deutschland, 15.02.1995
https://www.sport.de/ninja-warrior/pe705733/jasmin-wagner/, Jasmin Wagner, Deutschland, 20.04.1980
https://www.sport.de/ninja-warrior/pe686740/niklas-weber/, Niklas Weber, Deutschland, 06.06.1983
https://www.sport.de/ninja-warrior/pe686733/isabell-weidner/, Isabell Weidner, Deutschland, 06.04.1986
https://www.sport.de/ninja-warrior/pe686155/viola-weiermueller/, Viola Weiermüller, Deutschland, 21.10.1967
https://www.sport.de/ninja-warrior/pe686763/annette-weiss/, Annette Weiss, Deutschland, 24.05.1968
https://www.sport.de/ninja-warrior/pe686206/uwe-weitzer/, Uwe Weitzer, Österreich, 08.01.1984
https://www.sport.de/ninja-warrior/pe686684/michel-weller/, Michel Weller, Deutschland, 22.12.1987
https://www.sport.de/ninja-warrior/pe686489/jessica-wielens/, Jessica Wielens, Deutschland, 19.11.1986
https://www.sport.de/ninja-warrior/pe686241/nadine-wilhelm/, Nadine Wilhelm, Deutschland, 28.02.1991
https://www.sport.de/ninja-warrior/pe686741/dustin-williamson/, Dustin Williamson, Deutschland, 24.06.1992
https://www.sport.de/ninja-warrior/pe686820/lynne-winkler/, Lynne Winkler, Deutschland, 31.12.1995
https://www.sport.de/ninja-warrior/pe686849/stephan-wirtz/, Stephan Wirtz, Deutschland, 21.01.1982
https://www.sport.de/ninja-warrior/pe686818/florian-wohlgenannt/, Florian Wohlgenannt, Österreich, 29.05.1998
https://www.sport.de/ninja-warrior/pe707538/michael-wohlgenannt/, Michael Wohlgenannt, Österreich, 26.06.1995
https://www.sport.de/ninja-warrior/pe686790/alexander-worgitzki/, Alexander Worgitzki, Deutschland, 01.05.1986
https://www.sport.de/ninja-warrior/pe686433/adrian-wullweber/, Adrian Wullweber, Deutschland, 22.03.1992
https://www.sport.de/ninja-warrior/pe686085/alexander-wurm/, Alexander Wurm, Deutschland, 11.05.1996
https://www.sport.de/fussball/pe401454/gero-wurm/, Gero Wurm, Deutschland, 12.06.1993
https://www.sport.de/ninja-warrior/pe686850/lukas-zajons/, Lukas Zajons, Deutschland, 27.02.1991
https://www.sport.de/ninja-warrior/pe686860/eric-zekina/, Eric Zekina, Deutschland, 05.10.1991
